Time*,C-3DKA-5 Instron Force (kN),C-3DKA-5 Extensometer (mm/mm)
0,0.01505043,3.43985E-05
0.5,0.015007515,3.56502E-05
1,0.014907379,3.40409E-05
1.5,0.015089769,3.48008E-05
2,0.01499321,3.4175E-05
2.5,0.015018243,3.3415E-05
3,0.015082617,3.32362E-05
3.5,0.014996786,3.43985E-05
4,0.015018243,3.35938E-05
4.5,0.014961023,3.39514E-05
5,0.015011091,3.33256E-05
5.5,0.015043277,3.55161E-05
6,0.014914531,3.44432E-05
6.5,0.014835853,3.49796E-05
7,0.014864464,3.7483E-05
7.5,0.014835853,3.42197E-05
8,0.014893074,3.49349E-05
8.5,0.014986057,3.6276E-05
9,0.014814396,3.68572E-05
9.5,0.01502182,3.34597E-05
10,0.01499321,3.45326E-05
10.5,0.014903803,3.5829E-05
11,0.014885921,3.68125E-05
11.5,0.014975328,3.41303E-05
12,0.014875192,3.54267E-05
12.5,0.015011091,3.63654E-05
13,0.015018243,3.52926E-05
13.5,0.014961023,3.69019E-05
14,0.014961023,3.49349E-05
14.5,0.014978904,3.60525E-05
15,0.014914531,3.68125E-05
15.5,0.015064735,3.57396E-05
16,0.015189905,3.42197E-05
16.5,0.01584794,3.50243E-05
17,0.023275871,3.67231E-05
17.5,0.025303622,3.48008E-05
18,0.015980263,3.51584E-05
18.5,0.021130104,3.97629E-05
19,0.026262064,3.86453E-05
19.5,0.018916387,3.63207E-05
20,0.023554821,3.51584E-05
20.5,0.034491082,3.40409E-05
21,0.033779403,3.69466E-05
21.5,0.028983613,3.25209E-05
22,0.016083975,3.43538E-05
22.5,0.032223721,3.23868E-05
23,0.034480353,3.35044E-05
23.5,0.027689,3.42197E-05
24,0.017425079,5.72867E-05
24.5,0.027030964,7.86102E-05
25,0.030939837,0.000229529
25.5,0.030238886,-0.000498691
26,0.019964237,-0.000823774
26.5,0.019842644,-0.00088399
27,0.039254686,-0.001055025
27.5,0.045037529,-0.001176261
28,0.04772689,-0.001219579
28.5,0.026326437,-0.001368665
29,0.019452829,-0.001497635
29.5,0.037734767,-0.001648464
30,0.037341376,-0.001786598
30.5,0.015518923,-0.001835548
31,0.039469262,-0.001852849
31.5,0.047505161,-0.001944133
32,0.068204663,-0.002061167
32.5,0.104400182,-0.002052494
33,0.10324862,-0.002034971
33.5,0.102368856,-0.002034881
34,0.095606112,-0.002028444
34.5,0.074484609,-0.001980566
35,0.075664781,-0.001963534
35.5,0.085456633,-0.001972162
36,0.113247896,-0.001984366
36.5,0.222460301,-0.001989015
37,0.400119108,-0.001916059
37.5,0.498334455,-0.001874083
38,0.542429974,-0.001869478
38.5,0.556752971,-0.001873278
39,0.568361573,-0.001872071
39.5,0.581890636,-0.001858437
40,0.527509739,-0.00178624
40.5,0.51639824,-0.00178472
41,0.51504283,-0.001790219
41.5,0.513497878,-0.001790398
42,0.512568045,-0.001792991
42.5,0.512557317,-0.001792633
43,0.512253333,-0.001793169
43.5,0.511523772,-0.001792186
44,0.51046877,-0.001792678
44.5,0.510196973,-0.001793616
45,0.509907294,-0.001794019
45.5,0.509821463,-0.001792097
46,0.509764243,-0.001792231
46.5,0.509789277,-0.001793482
47,0.509764243,-0.001793572
47.5,0.509710599,-0.001793661
48,0.509714175,-0.001793527
48.5,0.509628344,-0.001793661
49,0.509424496,-0.001794421
49.5,0.509152699,-0.001792946
50,0.509023953,-0.001793929
50.5,0.508802224,-0.001793259
51,0.508644867,-0.001794019
51.5,0.508290816,-0.001793616
52,0.508201409,-0.001793527
52.5,0.507847357,-0.001793885
53,0.50751834,-0.001794376
53.5,0.507622052,-0.001794421
54,0.507486153,-0.001794108
54.5,0.507285881,-0.001794198
55,0.507439661,-0.001794645
55.5,0.507246542,-0.001794332
56,0.507182169,-0.001793035
56.5,0.506996203,-0.001790085
57,0.507110644,-0.001792901
57.5,0.507289458,-0.001793259
58,0.507453967,-0.001793616
58.5,0.50729661,-0.001793482
59,0.507167864,-0.001794242
59.5,0.507293034,-0.001794064
60,0.507103491,-0.001794511
60.5,0.507021237,-0.001792857
61,0.507185746,-0.001793661
61.5,0.507192898,-0.00179384
62,0.507107068,-0.001795002
62.5,0.507092762,-0.001793035
63,0.507096339,-0.001794958
63.5,0.507082034,-0.001794734
64,0.507149983,-0.001794198
64.5,0.50711422,-0.00179384
65,0.506999779,-0.001794198
65.5,0.507021237,-0.001794421
66,0.507014084,-0.001794689
66.5,0.510576058,-0.001793527
67,0.55802255,-0.001764023
67.5,0.608051116,-0.001735457
68,0.653373298,-0.001712882
68.5,0.69771558,-0.00169053
69,0.741417708,-0.001663619
69.5,0.785763567,-0.0016431
70,0.828414269,-0.001621732
70.5,0.86948068,-0.001593837
71,0.910514904,-0.001576358
71.5,0.95134528,-0.001555079
72,0.990097838,-0.001529598
72.5,1.029608567,-0.001514488
73,1.070056282,-0.00148856
73.5,1.108619297,-0.001470813
74,1.146942702,-0.001451143
74.5,1.186575025,-0.001424544
75,1.22480187,-0.00141243
75.5,1.261680458,-0.001385608
76,1.300257778,-0.001366341
76.5,1.338466742,-0.001348727
77,1.375545602,-0.001324453
77.5,1.413507802,-0.001310059
78,1.452042207,-0.001282969
78.5,1.48915683,-0.001268708
79,1.525556196,-0.001248413
79.5,1.563754431,-0.00122539
80,1.600168103,-0.001210683
80.5,1.635569688,-0.001184487
81,1.672827361,-0.001172104
81.5,1.709941984,-0.001145908
82,1.74557245,-0.001128026
82.5,1.78237236,-0.001111039
83,1.819783814,-0.001085469
83.5,1.855113873,-0.001073533
84,1.89043678,-0.001047649
84.5,1.926843299,-0.001035579
85,1.962327138,-0.001009562
85.5,1.996637958,-0.000995749
86,2.032189747,-0.000974112
86.5,2.068388842,-0.000953102
87,2.103203917,-0.000939243
87.5,2.138494637,-0.000913315
88,2.173971324,-0.000900754
88.5,2.209326417,-0.000873753
89,2.24308649,-0.000864857
89.5,2.277869378,-0.000838348
90,2.312355436,-0.000825831
90.5,2.345843711,-0.000805401
91,2.380061548,-0.000786939
91.5,2.41493742,-0.000769996
92,2.449652359,-0.00074903
92.5,2.483076261,-0.000734546
93,2.517265488,-0.000710183
93.5,2.551308087,-0.000698023
94,2.584016733,-0.000673526
94.5,2.617390568,-0.000664049
95,2.650936064,-0.000636646
95.5,2.684134661,-0.000626587
96,2.717111529,-0.000602492
96.5,2.750871602,-0.000587293
97,2.784488623,-0.00056655
97.5,2.817486949,-0.000551575
98,2.850116917,-0.000530609
98.5,2.884123754,-0.000514918
99,2.91616006,-0.000496142
99.5,2.947974637,-0.000478485
100,2.981012302,-0.00046181
100.5,3.014017779,-0.00044156
101,3.045549831,-0.000427165
101.5,3.078673326,-0.000405931
102,3.111610854,-0.000392565
102.5,3.143361058,-0.000369632
103,3.175179212,-0.00035774
103.5,3.208352775,-0.000334673
104,3.24006364,-0.000322738
104.5,3.270973418,-0.000300341
105,3.303378082,-0.000288629
105.5,3.335843541,-0.000263729
106,3.367218236,-0.000253715
106.5,3.399197322,-0.00023114
107,3.431920274,-0.000220009
107.5,3.46300529,-0.00019426
108,3.494025933,-0.000185051
108.5,3.526251783,-0.000160419
109,3.557554952,-0.000150853
109.5,3.587574237,-0.000125372
110,3.619510407,-0.000116252
110.5,3.651439425,-8.97431E-05
111,3.682095288,-8.33058E-05
111.5,3.713180304,-5.72884E-05
112,3.744905474,-4.85712E-05
112.5,3.775493388,-2.34478E-05
113,3.80581308,-1.36131E-05
113.5,3.83729864,7.7105E-06
114,3.868029604,1.42372E-05
114.5,3.897558939,2.72906E-05
115,3.92878343,4.76307E-05
115.5,3.960361973,6.33216E-05
116,3.990542191,8.20524E-05
116.5,4.020815392,9.6581E-05
117,4.051793119,0.000116608
117.5,4.082710051,0.000132031
118,4.11198547,0.000149555
118.5,4.142576959,0.000163457
119,4.173086195,0.00018411
119.5,4.202722818,0.00019627
120,4.233507427,0.000217191
120.5,4.263716254,0.000233687
121,4.29376415,0.000252775
121.5,4.323511638,0.000263146
122,4.35349516,0.000284649
122.5,4.383664649,0.00029797
123,4.412636084,0.000317953
123.5,4.442362114,0.000328324
124,4.472141789,0.000353626
124.5,4.502232599,0.00036279
125,4.531307747,0.000385544
125.5,4.561023048,0.000395603
126,4.59097796,0.000418983
126.5,4.619516666,0.000427521
127,4.648817119,0.000453583
127.5,4.678890048,0.000462613
128,4.707285703,0.000484473
128.5,4.735860171,0.000495515
129,4.765071217,0.000518224
129.5,4.795026129,0.000527701
130,4.822792359,0.0005505
130.5,4.851753065,0.000561453
131,4.881482672,0.00058376
131.5,4.909213138,0.000594578
132,4.937916353,0.00061237
132.5,4.967177467,0.000629357
133,4.995605308,0.000645853
133.5,5.023053248,0.000662572
134,5.052303633,0.000676072
134.5,5.081514679,0.000695161
135,5.108208025,0.000704951
135.5,5.136836138,0.000730879
136,5.165821878,0.000742233
136.5,5.193573802,0.000763468
137,5.221086116,0.000772632
137.5,5.249721381,0.000797934
138,5.278163527,0.000805087
138.5,5.304781771,0.000829539
139,5.332866289,0.000838659
139.5,5.361312012,0.000862843
140,5.388434511,0.00087098
140.5,5.415689332,0.000895745
141,5.443777427,0.000903971
141.5,5.471493588,0.000927485
142,5.497725594,0.000936694
142.5,5.525409569,0.000960655
143,5.553043476,0.000971071
143.5,5.579189651,0.000991411
144,5.606608981,0.001004598
144.5,5.633742209,0.001025877
145,5.659727452,0.001037411
145.5,5.686689018,0.001059718
146,5.713611246,0.001072324
146.5,5.740633609,0.001092709
147,5.766021613,0.001106477
147.5,5.792418128,0.001123822
148,5.818707354,0.001140139
148.5,5.844638952,0.001157082
149,5.870420347,0.001175455
149.5,5.896330488,0.0011928
150,5.922126187,0.001209161
150.5,5.947249546,0.001229189
151,5.973159687,0.00124403
151.5,5.998672861,0.001264549
152,6.023381372,0.001277871
152.5,6.048100611,0.00129915
153,6.073467158,0.001312248
153.5,6.098129177,0.001336209
154,6.121650363,0.001346982
154.5,6.146398213,0.001373804
155,6.170834927,0.0013827
155.5,6.194238096,0.001410014
156,6.218063266,0.001420117
156.5,6.242027911,0.001445688
157,6.265259419,0.00145816
157.5,6.287485992,0.001481182
158,6.311164535,0.001499511
158.5,6.334145703,0.001517258
159,6.355864445,0.001539833
159.5,6.378209035,0.001553065
160,6.400947017,0.001580916
160.5,6.421936197,0.001594461
161,6.442982599,0.001618288
161.5,6.464679883,0.001640148
162,6.485236334,0.0016549
162.5,6.505292106,0.001684672
163,6.52591293,0.001699425
163.5,6.546276262,0.001722179
164,6.564908675,0.001746676
164.5,6.584217005,0.001760713
165,6.604480201,0.001788921
165.5,6.622662003,0.001812256
166,6.640350279,0.001829467
166.5,6.659190116,0.001858301
167,6.677243172,0.001881278
167.5,6.693787038,0.001897774
168,6.711618365,0.001925937
168.5,6.72915286,0.001953296
169,6.745088759,0.001973993
169.5,6.761264268,0.001996747
170,6.777836745,0.002025358
170.5,6.793826288,0.002051867
171,6.808199353,0.002070419
171.5,6.823716827,0.002098895
172,6.839627691,0.002127639
172.5,6.853095958,0.002151779
173,6.867726515,0.002177171
173.5,6.882346343,0.002200595
174,6.895685863,0.002231754
174.5,6.908664179,0.002259783
175,6.922833396,0.002284325
175.5,6.935761645,0.002311862
176,6.947434619,0.00233779
176.5,6.960631088,0.002368502
177,6.973666625,0.002398766
177.5,6.985275226,0.002426169
178,6.996579844,0.002452812
178.5,7.008982379,0.002480752
179,7.020372827,0.002509854
179.5,7.030794104,0.002539939
180,7.04241701,0.002572439
180.5,7.053296051,0.002601675
181,7.063084326,0.002628586
181.5,7.073823892,0.002658761
182,7.084466898,0.002688176
182.5,7.094512665,0.002719022
183,7.103632176,0.00274866
183.5,7.113810266,0.002779327
184,7.123741592,0.002811915
184.5,7.132292475,0.002843834
185,7.141483512,0.002873785
185.5,7.151103702,0.002904228
186,7.159904925,0.002936728
186.5,7.168294875,0.002968378
187,7.17741081,0.002999447
187.5,7.186551779,0.003031275
188,7.19367215,0.003061406
188.5,7.202623576,0.003094978
189,7.211203069,0.003127343
189.5,7.21832344,0.003159217
190,7.225694151,0.003192655
190.5,7.234266492,0.003226406
191,7.242402526,0.003258816
191.5,7.248382065,0.003292389
192,7.257090304,0.003328375
192.5,7.26502249,0.00335998
193,7.27104852,0.003393865
193.5,7.278319095,0.003428153
194,7.286004519,0.003463692
194.5,7.292495465,0.00349798
195,7.298246121,0.003532849
195.5,7.305927968,0.003564633
196,7.312858797,0.003601424
196.5,7.318477131,0.003634728
197,7.325486638,0.003669328
197.5,7.332503297,0.003706388
198,7.337667444,0.00374452
198.5,7.343643406,0.003778405
199,7.350545624,0.003814212
199.5,7.356278399,0.003850199
200,7.360981206,0.003884084
200.5,7.367640237,0.003920964
201,7.374098997,0.003958247
201.5,7.378787498,0.003994144
202,7.385038834,0.004030935
202.5,7.390485507,0.004068218
203,7.395324212,0.004102416
203.5,7.40029524,0.004139073
204,7.406210405,0.004178859
204.5,7.41129945,0.004213906
205,7.395796281,0.004237688
205.5,7.377936344,0.004246227
206,7.365869979,0.004246763
206.5,7.357054452,0.004246093
207,7.35008786,0.004246719
207.5,7.344626882,0.004246853
208,7.339831092,0.004247434
208.5,7.335446574,0.004246987
209,7.331934669,0.00424645
209.5,7.328648068,0.004246808
210,7.325686909,0.004247076
210.5,7.322904564,0.004246629
211,7.320368983,0.004247032
211.5,7.31820891,0.004246763
212,7.316249109,0.004247747
212.5,7.31415341,0.004246897
213,7.311771608,0.004246808
213.5,7.310602165,0.004247076
214,7.308774686,0.004247479
214.5,7.307018733,0.004247166
215,7.305953002,0.004247836
215.5,7.303935981,0.004248954
216,7.303138471,0.00424873
216.5,7.301307416,0.004248149
217,7.300574279,0.004248641
217.5,7.298857665,0.004249401
218,7.297831273,0.004248909
218.5,7.29694078,0.004250071
219,7.295302844,0.004248283
219.5,7.294977402,0.004249714
220,7.293636298,0.004248864
220.5,7.292381024,0.00425025
221,7.292102074,0.004248775
221.5,7.290725207,0.004250742
222,7.289627289,0.004249401
222.5,7.289534306,0.004251144
223,7.288246845,0.00425034
223.5,7.287077402,0.004251368
224,7.286844944,0.00425101
224.5,7.286083197,0.00425025
225,7.284588312,0.004250116
225.5,7.284219955,0.004251859
226,7.284109091,0.004251055
226.5,7.282839512,0.004251859
227,7.28171656,0.004249758
227.5,7.28150556,0.004250563
228,7.281276678,0.004250474
228.5,7.280482744,0.004252351
229,7.279009317,0.004252172
229.5,7.278716062,0.004251278
230,7.278691028,0.004252217
230.5,7.27817962,0.004249222
231,7.277035211,0.004251457
231.5,7.276212667,0.004250697
232,7.275955175,0.004249445
232.5,7.275958751,0.004251994
233,7.275247072,0.004251815
233.5,7.274163459,0.004255078
234,7.273523305,0.004250876
234.5,7.273262237,0.004251234
235,7.273247932,0.004250474
235.5,7.272818778,0.004251994
236,7.271849607,0.004252038
236.5,7.270826791,0.004251278
237,7.270647977,0.004249848
237.5,7.270508502,0.004251055
238,7.270476316,0.004251725
238.5,7.269993518,0.004251144
239,7.269142364,0.004252932
239.5,7.268183921,0.00424949
240,7.267869208,0.004249624
240.5,7.267794106,0.004250876
241,7.267615293,0.004248775
241.5,7.267504428,0.00424721
242,7.266746257,0.004251323
242.5,7.265802119,0.00424949
243,7.265305016,0.004251457
243.5,7.265011761,0.004250787
244,7.264972422,0.004248507
244.5,7.264983151,0.004249848
245,7.264486048,0.004248998
245.5,7.263831589,0.00425101
246,7.26314852,0.004250116
246.5,7.262461875,0.004251547
247,7.262404654,0.004249133
247.5,7.262232993,0.004251591
248,7.26222584,0.004249401
248.5,7.261968348,0.00424958
249,7.26137111,0.0042511
249.5,7.260798905,0.004251278
250,7.260030005,0.004249043
250.5,7.259786818,0.004251815
251,7.259529326,0.004249758
251.5,7.259540055,0.004250161
252,7.259557936,0.004252083
252.5,7.25937197,0.004249848
253,7.259007189,0.004248686
253.5,7.258313391,0.004249848
254,7.257616017,0.004251189
254.5,7.257294152,0.004248015
255,7.256915066,0.004249535
255.5,7.256854269,0.004249848
256,7.256804201,0.004248015
256.5,7.256832812,0.004249311
257,7.256636116,0.004248909
257.5,7.256403658,0.004248775
258,7.255713436,0.00424949
258.5,7.255062554,0.004247836
259,7.254332993,0.004249893
259.5,7.254189942,0.00424806
260,7.254118416,0.004249267
260.5,7.253986094,0.004248373
261,7.254093382,0.004249133
261.5,7.254043314,0.004248998
262,7.25373933,0.004248417
262.5,7.253488991,0.00424806
263,7.252809498,0.004249356
263.5,7.252147886,0.00424949
264,7.251826021,0.004248149
264.5,7.251414749,0.004248328
265,7.25140402,0.004247121
265.5,7.251328918,0.004249624
266,7.251368257,0.004247702
266.5,7.251328918,0.004247613
267,7.251218054,0.004247702
267.5,7.250974867,0.004248373
268,7.250713798,0.004247747
268.5,7.249830458,0.004247344
269,7.249061558,0.004247747
269.5,7.248954269,0.004248954
270,7.24876115,0.004249177
270.5,7.248675319,0.004247166
271,7.248618099,0.00424721
271.5,7.248657438,0.004247881
272,7.248632404,0.00424949
272.5,7.248575184,0.00424721
273,7.248335573,0.004247389
273.5,7.248160335,0.004248104
274,7.247648927,0.004247389
274.5,7.247144672,0.004248864
275,7.246483061,0.0042473
275.5,7.246121856,0.004248641
276,7.246010992,0.004246808
276.5,7.2459645,0.004246897
277,7.245989534,0.004246853
277.5,7.245950195,0.004247255
278,7.245864364,0.004248239
278.5,7.245739194,0.00424797
279,7.245714161,0.004247791
279.5,7.24547455,0.004246897
280,7.245006057,0.004246897
280.5,7.244655582,0.004247255
281,7.244230005,0.004248015
281.5,7.243740055,0.004246942
282,7.243521902,0.004247791
282.5,7.243221494,0.004246987
283,7.243250104,0.004247523
283.5,7.243124935,0.004248015
284,7.243253681,0.0042473
284.5,7.243246528,0.004246763
285,7.243124935,0.004247389
285.5,7.243046256,0.004248239
286,7.242828103,0.004248239
286.5,7.242527696,0.004247881
287,7.242159339,0.004248462
287.5,7.241687271,0.004247657
288,7.241486999,0.004247255
288.5,7.240929099,0.004246495
289,7.240718099,0.004246406
289.5,7.240546438,0.004246227
290,7.24055359,0.004247568
290.5,7.240403386,0.004247434
291,7.240482065,0.004246584
291.5,7.240421268,0.00424806
292,7.240507098,0.0042473
292.5,7.240356895,0.004247434
293,7.240317556,0.004247344
293.5,7.240149471,0.004247032
294,7.239949199,0.004246361
294.5,7.239777538,0.004247121
295,7.239273282,0.004247032
295.5,7.238704654,0.004247076
296,7.238565179,0.004247926
296.5,7.23842928,0.004247032
297,7.237996551,0.004247166
297.5,7.237821313,0.004246853
298,7.237832042,0.004247434
298.5,7.237674686,0.0042473
299,7.23775694,0.004246584
299.5,7.237714025,0.004247344
300,7.237753364,0.00424721
300.5,7.237642499,0.004246763
301,7.23763177,0.004247613
301.5,7.237438651,0.004246137
302,7.237252685,0.004247076
302.5,7.237005921,0.00424721
303,7.236734124,0.004247344
303.5,7.236476632,0.004246763
304,7.236097547,0.004246629
304.5,7.235722037,0.004246093
305,7.235514613,0.004246674
305.5,7.235457393,0.004246495
306,7.235092612,0.004247479
306.5,7.235038968,0.004246048
307,7.234956714,0.004246361
307.5,7.234942408,0.004247032
308,7.234945985,0.004247344
308.5,7.235021087,0.00424654
309,7.234974595,0.004247434
309.5,7.234895917,0.004247657
310,7.234892341,0.004247076
310.5,7.234802934,0.004246495
311,7.234616967,0.0042473
311.5,7.234359475,0.004247568
312,7.233926745,0.00424654
312.5,7.233651372,0.004247032
313,7.233468982,0.004247255
313.5,7.233050557,0.004247523
314,7.232857438,0.004246942
314.5,7.232467624,0.004246853
315,7.232421132,0.00424721
315.5,7.232349606,0.004247479
316,7.232363911,0.004247434
316.5,7.232303115,0.004246361
317,7.232342454,0.004246361
317.5,7.232213708,0.004247076
318,7.232281657,0.004246182
318.5,7.232299538,0.004247166
319,7.232238742,0.004247255
319.5,7.232188674,0.00424645
320,7.23200986,0.00424721
320.5,7.231988402,0.004246763
321,7.231709452,0.004246987
321.5,7.231677266,0.00424654
322,7.231076451,0.004246629
322.5,7.230743857,0.004247702
323,7.230518551,0.004246629
323.5,7.230214568,0.004246629
324,7.230160924,0.00424654
324.5,7.229735346,0.00424654
325,7.229756804,0.004246853
325.5,7.22957799,0.004246629
326,7.229492159,0.004246674
326.5,7.229560109,0.004247613
327,7.229524346,0.004246137
327.5,7.229513617,0.004247568
328,7.229506465,0.004246987
328.5,7.229506465,0.004246361
329,7.229492159,0.004246048
329.5,7.229502888,0.004247121
330,7.229409905,0.004247166
330.5,7.229349108,0.004246942
331,7.229195328,0.004246272
331.5,7.228955718,0.004246182
332,7.228830548,0.004246942
332.5,7.228397818,0.004247657
333,7.228304835,0.004246361
333.5,7.228058072,0.004246853
334,7.227754088,0.004246629
334.5,7.22739646,0.004246093
335,7.22733924,0.004245959
335.5,7.227156849,0.004246719
336,7.227013798,0.004247076
336.5,7.227042408,0.004246808
337,7.226849289,0.004246495
337.5,7.226967307,0.004246942
338,7.226767035,0.004247032
338.5,7.226777764,0.004247166
339,7.226763459,0.00424721
339.5,7.226792069,0.004246763
340,7.226745577,0.004247479
340.5,7.22662756,0.004246584
341,7.226716967,0.004246584
341.5,7.226763459,0.004246406
342,7.226659747,0.004246137
342.5,7.226534577,0.004247389
343,7.226531001,0.004246674
343.5,7.226223441,0.004246853
344,7.226119728,0.004246182
344.5,7.225998135,0.004245959
345,7.225658388,0.004246897
345.5,7.225383015,0.004246808
346,7.225164862,0.004246048
346.5,7.224971743,0.004246853
347,7.224564047,0.004246942
347.5,7.224524708,0.004246674
348,7.224227877,0.004245959
348.5,7.224231453,0.00424721
349,7.22432086,0.004246987
349.5,7.224117012,0.00424721
350,7.224113436,0.004246316
350.5,7.223981114,0.004247032
351,7.224059792,0.0042473
351.5,7.224066944,0.004246987
352,7.224056216,0.004245914
352.5,7.224106283,0.004245869
353,7.223970385,0.004247121
353.5,7.2240133,0.004247344
354,7.223916741,0.004247568
354.5,7.224038334,0.004246182
355,7.223741503,0.004246674
355.5,7.223712893,0.004246316
356,7.223602028,0.004247121
356.5,7.223355265,0.004247389
357,7.223337383,0.004245959
357.5,7.223065586,0.00424654
358,7.222943993,0.004246406
358.5,7.222339602,0.004246853
359,7.222257347,0.004245914
359.5,7.22195694,0.004246763
360,7.221892567,0.004245735
360.5,7.221799584,0.004246361
361,7.221645804,0.004246942
361.5,7.221449108,0.004246629
362,7.221413345,0.004246719
362.5,7.221377583,0.004246584
363,7.221320362,0.004245959
363.5,7.221356125,0.004246182
364,7.221295328,0.004246584
364.5,7.22134182,0.004246406
365,7.221298904,0.004246897
365.5,7.221348972,0.00424721
366,7.221295328,0.004247121
366.5,7.221270294,0.00424569
367,7.221291752,0.004246808
367.5,7.221298904,0.004246674
368,7.221270294,0.00424645
368.5,7.221120091,0.004246763
369,7.221137972,0.004246495
369.5,7.221205921,0.004246406
370,7.220866175,0.004245601
370.5,7.22069809,0.004247747
371,7.220626564,0.004246808
371.5,7.220354767,0.00424569
372,7.220125885,0.004246853
372.5,7.22008297,0.004246227
373,7.219846935,0.004246361
373.5,7.219374866,0.004247389
374,7.219249697,0.004246942
374.5,7.219206781,0.004247389
375,7.21903512,0.00424654
375.5,7.218960018,0.004246495
376,7.218791933,0.004246316
376.5,7.218774052,0.004246495
377,7.218774052,0.004246719
377.5,7.218605966,0.004246361
378,7.218702526,0.004246763
378.5,7.218577356,0.004246316
379,7.218584509,0.004246853
379.5,7.218631,0.004246048
380,7.218677492,0.0042473
380.5,7.218591661,0.004246048
381,7.218595238,0.004246137
381.5,7.21860239,0.004247434
382,7.218645306,0.004246227
382.5,7.218530865,0.00424569
383,7.218437881,0.00424578
383.5,7.218505831,0.004246897
384,7.218462915,0.004245467
384.5,7.218452186,0.004246048
385,7.215001077,0.004242651
385.5,7.281491255,0.004276804
386,7.322217919,0.004304073
386.5,7.362175683,0.004325263
387,7.398972017,0.004351682
387.5,7.434026702,0.004379846
388,7.464432225,0.004406802
388.5,7.485618102,0.004433713
389,7.497770297,0.004468582
389.5,7.500109184,0.004506848
390,7.499436843,0.004547484
390.5,7.499258029,0.004588209
391,7.499644268,0.004631347
391.5,7.500191438,0.004673682
392,7.500509727,0.004712529
392.5,7.502787817,0.004756964
393,7.50555228,0.004799432
393.5,7.507229555,0.004841364
394,7.510115612,0.004879318
394.5,7.513173331,0.004921697
395,7.516434897,0.004963494
395.5,7.518233765,0.005005873
396,7.522421588,0.005047
396.5,7.526037206,0.005087099
397,7.528047075,0.005125366
397.5,7.531398048,0.005169175
398,7.534970751,0.00521066
398.5,7.53796052,0.005253083
399,7.539848795,0.005290903
399.5,7.543875685,0.005331493
400,7.547713032,0.005371369
400.5,7.549508324,0.00541491
401,7.553159705,0.005455277
401.5,7.556778899,0.005497969
402,7.558917514,0.005536638
402.5,7.561581842,0.005578659
403,7.565279714,0.005620144
403.5,7.568380348,0.005663417
404,7.569707147,0.005698822
404.5,7.5737698,0.005742005
405,7.577303164,0.005782864
405.5,7.579084151,0.005826048
406,7.581744902,0.005868516
406.5,7.585778945,0.005907408
407,7.587495559,0.005948267
407.5,7.589380258,0.005989573
408,7.592995876,0.006033025
408.5,7.595763916,0.006074868
409,7.596858257,0.006112508
409.5,7.600574011,0.00615368
410,7.603914255,0.006200216
410.5,7.605877632,0.006241075
411,7.607891077,0.006280772
411.5,7.610859389,0.006321586
412,7.613377089,0.006364144
412.5,7.614972109,0.006408222
413,7.618004794,0.006449349
413.5,7.620368714,0.006489582
414,7.622535939,0.00653138
414.5,7.624817605,0.006574697
415,7.627864595,0.006616093
415.5,7.629609819,0.006659276
416,7.631355043,0.006697319
416.5,7.634191032,0.006744347
417,7.636662241,0.006786681
417.5,7.637552734,0.006825752
418,7.640038248,0.006867058
418.5,7.642638203,0.006910465
419,7.644805428,0.006954141
419.5,7.646647212,0.006995715
420,7.649121997,0.007037736
420.5,7.650645492,0.007081143
421,7.652662513,0.007125355
421.5,7.654811856,0.007166527
422,7.657247302,0.007206447
422.5,7.658534763,0.007253028
423,7.660226343,0.007294558
423.5,7.662626026,0.007338412
424,7.664346216,0.007377572
424.5,7.665948389,0.007420666
425,7.667815207,0.007467649
425.5,7.67011833,0.007508643
426,7.671981571,0.007549412
426.5,7.673301218,0.007595948
427,7.675489901,0.007639177
427.5,7.677446126,0.007680393
428,7.678189992,0.007723488
428.5,7.680385827,0.007768951
429,7.683014392,0.007810972
429.5,7.683257579,0.007851295
430,7.685592889,0.007894389
430.5,7.688146352,0.007941417
431,7.688614845,0.007984869
431.5,7.689995288,0.008022911
432,7.692309141,0.00806757
432.5,7.694072246,0.008114554
433,7.694161653,0.008156709
433.5,7.6968081,0.008198462
434,7.699329376,0.008245222
434.5,7.699579716,0.008289747
435,7.700827837,0.00832913
435.5,7.70310235,0.008372627
436,7.704901219,0.008420057
436.5,7.705190897,0.008463688
437,7.707529784,0.008504815
437.5,7.709110499,0.008551128
438,7.709611178,0.008594982
438.5,7.711427928,0.008638031
439,7.713452102,0.008682064
439.5,7.713652373,0.008728198
440,7.715519191,0.008769728
440.5,7.717661382,0.008813806
441,7.71881652,0.008861415
441.5,7.719048978,0.008904643
442,7.721166135,0.008947245
442.5,7.722625257,0.008990965
443,7.723440649,0.009037725
443.5,7.724799635,0.009078808
444,7.726805927,0.009121589
444.5,7.727277996,0.00916893
445,7.728275778,0.009212471
445.5,7.730046036,0.009256191
446,7.732206108,0.009300045
446.5,7.732402803,0.009345866
447,7.733253958,0.009388379
447.5,7.735170843,0.009432099
448,7.735650065,0.009479798
448.5,7.73713422,0.00952401
449,7.738343003,0.009565673
449.5,7.740524533,0.009614132
450,7.740606787,0.009657271
450.5,7.741611722,0.009699158
451,7.743281844,0.009746544
451.5,7.743449929,0.009791158
452,7.745037797,0.009832777
452.5,7.746253732,0.009877704
453,7.748281482,0.009925134
453.5,7.748199227,0.009967826
454,7.749322179,0.01000949
454.5,7.751385692,0.010060273
455,7.751614574,0.010103591
455.5,7.752666,0.010144852
456,7.754314664,0.010193757
456.5,7.754897598,0.010238729
457,7.755065683,0.010281153
457.5,7.757004026,0.010326169
458,7.758820776,0.010374538
458.5,7.758795742,0.010415889
459,7.759757761,0.010461755
459.5,7.761767629,0.010510348
460,7.762472156,0.010552324
460.5,7.762522224,0.010595731
461,7.764224533,0.010644592
461.5,7.765318874,0.010685943
462,7.765233044,0.010732747
462.5,7.766896013,0.010779194
463,7.768054728,0.010821573
463.5,7.768330101,0.010867663
464,7.769295697,0.010913662
464.5,7.771158938,0.010957517
465,7.771788363,0.011001102
465.5,7.771856312,0.011049785
466,7.773458485,0.01109346
466.5,7.773855452,0.011138253
467,7.774745946,0.011185147
467.5,7.776011948,0.01122909
468,7.777306561,0.011273436
468.5,7.778079038,0.011322163
469,7.778243546,0.011366106
469.5,7.779355769,0.011406652
470,7.780947213,0.011456095
470.5,7.780414348,0.011499993
471,7.781605249,0.011543624
471.5,7.78306437,0.01159396
472,7.783933406,0.011638172
472.5,7.784308915,0.011680327
473,7.785807376,0.011730797
473.5,7.787012582,0.011775859
474,7.786833768,0.011816718
474.5,7.787717109,0.011864193
475,7.789566045,0.011912562
475.5,7.789344316,0.011955879
476,7.7898593,0.012001566
476.5,7.791236168,0.012047611
477,7.792602306,0.012091689
477.5,7.792423492,0.012138672
478,7.79318524,0.012185208
478.5,7.794926887,0.012230448
479,7.794930464,0.012277566
479.5,7.79536677,0.012320436
480,7.796060568,0.012363531
480.5,7.796890265,0.012411453
481,7.797587639,0.012456156
481.5,7.798256403,0.012500413
482,7.800237662,0.012548514
482.5,7.80019117,0.012593575
483,7.80080629,0.012638412
483.5,7.802215344,0.012686469
484,7.802479988,0.012731887
484.5,7.803123719,0.012774624
485,7.803567177,0.012823842
485.5,7.804293162,0.012868367
486,7.804293162,0.012909897
486.5,7.806052691,0.012960099
487,7.806839472,0.013004534
487.5,7.806946761,0.013049506
488,7.80778361,0.013096712
488.5,7.809088952,0.013144679
489,7.809099681,0.013186745
489.5,7.809074647,0.013235383
490,7.81060887,0.013279505
490.5,7.811735398,0.013324566
491,7.811681754,0.013374411
491.5,7.812361247,0.013415225
492,7.814392573,0.013462923
492.5,7.814467675,0.013513394
493,7.81448198,0.013554029
493.5,7.816177137,0.013601236
494,7.817046172,0.01365041
494.5,7.816230781,0.013692744
495,7.817235715,0.01373928
495.5,7.818626888,0.013787873
496,7.817886598,0.01383052
496.5,7.819252737,0.013876386
497,7.820647485,0.01392471
497.5,7.820382841,0.013966463
498,7.820468671,0.014013983
498.5,7.822228201,0.014062263
499,7.822700269,0.014105491
499.5,7.822671659,0.014152251
500,7.823272474,0.014199458
500.5,7.82503558,0.014241345
501,7.825085647,0.014290832
501.5,7.825414665,0.014337145
502,7.826408871,0.014381088
502.5,7.827835806,0.014430396
503,7.826580532,0.014473759
503.5,7.828086145,0.014519177
504,7.828425892,0.014568977
504.5,7.82813979,0.014611579
505,7.82924486,0.014656819
505.5,7.830789812,0.014704742
506,7.830954321,0.014750205
506.5,7.831151016,0.014796205
507,7.832574375,0.014843904
507.5,7.833489903,0.014887221
508,7.833389767,0.014933892
508.5,7.833625801,0.014982797
509,7.834144362,0.015025131
509.5,7.834995516,0.015069611
510,7.835589179,0.015120126
510.5,7.83634735,0.015161388
511,7.83778859,0.015212394
511.5,7.837012538,0.015259244
512,7.838468083,0.015300907
512.5,7.839061745,0.015350752
513,7.839040288,0.015395098
513.5,7.83904744,0.015440337
514,7.839830645,0.01548817
514.5,7.841751107,0.015534036
515,7.840932139,0.015577398
515.5,7.841747531,0.01562684
516,7.843524941,0.015671186
516.5,7.842670211,0.015718125
517,7.843650111,0.015765779
517.5,7.844436893,0.015809856
518,7.844508418,0.015857287
518.5,7.844490537,0.015904315
519,7.845245132,0.015946515
519.5,7.847047576,0.015997209
520,7.8464861,0.016042762
520.5,7.847265729,0.016083755
521,7.848789224,0.016134761
521.5,7.848009595,0.016179554
522,7.848145494,0.01622399
522.5,7.850005159,0.016274952
523,7.850019464,0.016319431
523.5,7.849719056,0.016362436
524,7.850452194,0.016412281
524.5,7.852447757,0.016457342
525,7.852100858,0.016503208
525.5,7.852694521,0.01655104
526,7.852701673,0.016594492
526.5,7.852694521,0.016643979
527,7.852555046,0.016690426
527.5,7.853044996,0.016732268
528,7.85420371,0.016783051
528.5,7.853073606,0.016827755
529,7.854904661,0.016869866
529.5,7.855423221,0.016921319
530,7.855494747,0.016967453
530.5,7.856088409,0.017010592
531,7.857390175,0.017060302
531.5,7.85820199,0.017104827
532,7.857679853,0.017149978
532.5,7.858244905,0.017200627
533,7.858935127,0.017242022
533.5,7.858860025,0.017290168
534,7.859725485,0.017337643
534.5,7.860716114,0.017381452
535,7.860977182,0.017431967
535.5,7.860780487,0.017479129
536,7.861713896,0.017521598
536.5,7.863384018,0.017572068
537,7.862497101,0.017616727
537.5,7.863466273,0.017660268
538,7.863645087,0.017711185
538.5,7.863877545,0.017754726
539,7.863841782,0.017799698
539.5,7.865082751,0.017848827
540,7.863477001,0.017893799
540.5,7.86145998,0.017940156
541,7.862221728,0.017989643
541.5,7.863115797,0.018032737
542,7.863723765,0.018084593
542.5,7.863502035,0.018129342
543,7.863777409,0.01817248
543.5,7.864803801,0.018224158
544,7.864049206,0.018266447
544.5,7.865647803,0.018312447
545,7.866384516,0.018363633
545.5,7.866345177,0.018408112
546,7.866427431,0.018454291
546.5,7.867550383,0.018502884
547,7.868555317,0.018547856
547.5,7.867435942,0.018596001
548,7.86874486,0.018641152
548.5,7.869431506,0.018687733
549,7.869152556,0.018736415
549.5,7.869381438,0.018779911
550,7.871380578,0.018828593
550.5,7.871738206,0.018877052
551,7.871194611,0.018918492
551.5,7.871773968,0.018969007
552,7.872961293,0.019016169
552.5,7.871831189,0.019058906
553,7.873351107,0.019109957
553.5,7.874584924,0.019156047
554,7.874545585,0.019199722
554.5,7.87455989,0.019249477
555,7.875861655,0.019291856
555.5,7.876541148,0.019341477
556,7.875858079,0.019389354
556.5,7.877074014,0.019432627
557,7.877381574,0.019482248
557.5,7.87720276,0.019528337
558,7.877867948,0.019569598
558.5,7.879774104,0.0196236
559,7.879945766,0.019665756
559.5,7.879523765,0.019711666
560,7.88012458,0.019761868
560.5,7.880929242,0.019804783
561,7.880575191,0.019851677
561.5,7.881705295,0.019900315
562,7.882610094,0.019943409
562.5,7.882756721,0.019992449
563,7.882531415,0.020038851
563.5,7.88297845,0.02008342
564,7.883346807,0.020135098
564.5,7.883264553,0.020179175
565,7.884895336,0.020223029
565.5,7.885463964,0.020274751
566,7.885556947,0.020319634
566.5,7.885471117,0.020365455
567,7.885850202,0.020413779
567.5,7.886940967,0.02045817
568,7.886451017,0.020506718
568.5,7.88820697,0.020551734
569,7.888267767,0.020597689
569.5,7.888271343,0.02064807
570,7.88833214,0.020691164
570.5,7.890055906,0.020738192
571,7.890567314,0.020785846
571.5,7.889973652,0.020828896
572,7.890903484,0.020877488
572.5,7.89133979,0.020926886
573,7.890953552,0.020968683
573.5,7.891504299,0.021018528
574,7.893349659,0.021063902
574.5,7.893478405,0.021109142
575,7.89328171,0.021157735
575.5,7.89377166,0.021203198
576,7.894165051,0.021250539
576.5,7.893714439,0.021297791
577,7.894951832,0.021341153
577.5,7.896321547,0.021389477
578,7.895985377,0.021439411
578.5,7.89626075,0.021480181
579,7.897108328,0.02153007
579.5,7.897609007,0.021576517
580,7.896650564,0.021620103
580.5,7.898349297,0.021670975
581,7.899107468,0.021714829
581.5,7.898710501,0.021763064
582,7.89918257,0.021811299
582.5,7.900065911,0.021855601
583,7.900241148,0.021903925
583.5,7.899561655,0.021952339
584,7.901553643,0.021995835
584.5,7.901811135,0.02204644
585,7.901274693,0.022091412
585.5,7.901893389,0.022134193
586,7.90203644,0.022184484
586.5,7.901997101,0.02222807
587,7.90265156,0.022273399
587.5,7.904003394,0.022325077
588,7.904471886,0.022368126
588.5,7.904178632,0.022417345
589,7.904582751,0.022464239
589.5,7.904947532,0.02250769
590,7.904643548,0.022557758
590.5,7.904908192,0.022602954
591,7.906270755,0.022646539
591.5,7.906882298,0.022696697
592,7.906317246,0.022740953
592.5,7.907268537,0.022788518
593,7.907647622,0.022836976
593.5,7.90729357,0.022880339
594,7.907558215,0.022927322
594.5,7.909271253,0.022975289
595,7.908613217,0.023017712
595.5,7.908616794,0.023068004
596,7.90985061,0.023115837
596.5,7.910025848,0.023157679
597,7.909918559,0.023208283
597.5,7.910580171,0.023252406
598,7.912343276,0.023297109
598.5,7.911184562,0.023347267
599,7.912418378,0.023389511
599.5,7.912711633,0.023436361
600,7.912815345,0.023485892
600.5,7.912776006,0.023529254
601,7.913083566,0.023575433
601.5,7.914803756,0.023624562
602,7.914174331,0.023668372
602.5,7.914796604,0.023717367
603,7.915479673,0.023763367
603.5,7.915383113,0.023807444
604,7.915404571,0.023855322
604.5,7.915669216,0.02389998
605,7.916430963,0.023947992
605.5,7.915851606,0.023995109
606,7.917114032,0.024038159
606.5,7.918219103,0.0240855
607,7.918172611,0.024135613
607.5,7.918215526,0.024177544
608,7.918816341,0.024226763
608.5,7.919131054,0.024274685
609,7.918290628,0.024315186
609.5,7.919231189,0.024364092
610,7.920861973,0.024410494
610.5,7.920379175,0.024452963
611,7.920811905,0.024503343
611.5,7.9215665,0.024548852
612,7.92162372,0.02459436
612.5,7.921140922,0.024643087
613,7.922893299,0.024687432
613.5,7.923551334,0.024733164
614,7.922153009,0.024782785
614.5,7.923433317,0.024824493
615,7.923780216,0.024871566
615.5,7.923676504,0.024921232
616,7.923955454,0.024961912
616.5,7.925668491,0.025011622
617,7.925983204,0.025059678
617.5,7.924345268,0.025101834
618,7.926011814,0.025152796
618.5,7.926398052,0.025197007
619,7.925761475,0.025242203
619.5,7.926290764,0.025291242
620,7.92657329,0.025334828
620.5,7.926787867,0.025379532
621,7.926752104,0.025430315
621.5,7.928772702,0.02547399
622,7.929051651,0.025521734
622.5,7.928758396,0.025569879
623,7.928994431,0.025611722
623.5,7.929155363,0.02566094
624,7.929148211,0.025707611
624.5,7.929194702,0.025749766
625,7.929588093,0.025800639
625.5,7.931411995,0.025844806
626,7.931258215,0.025890806
626.5,7.931891217,0.025938504
627,7.931912674,0.025982671
627.5,7.931901946,0.026029208
628,7.931912674,0.026077845
628.5,7.932173743,0.026120939
629,7.933128609,0.026168772
629.5,7.932427659,0.026215889
630,7.933779492,0.026260012
630.5,7.934677138,0.026309901
631,7.934630646,0.026357242
631.5,7.934680714,0.026399889
632,7.935428157,0.026449867
632.5,7.936157717,0.026496091
633,7.934730782,0.026536592
633.5,7.93580009,0.02658885
634,7.937409415,0.026632615
634.5,7.936579718,0.026677006
635,7.937012448,0.02672694
635.5,7.938189044,0.026770749
636,7.938117518,0.026817196
636.5,7.93788506,0.026866772
637,7.939315572,0.026908257
637.5,7.939977183,0.026957788
638,7.938417926,0.027004012
638.5,7.939666047,0.027047374
639,7.940206065,0.027096593
639.5,7.940091624,0.027141475
640,7.940299048,0.027185418
640.5,7.941869035,0.02723562
641,7.942534223,0.02728019
641.5,7.940896287,0.027323955
642,7.942620053,0.027374693
642.5,7.942791715,0.027417743
643,7.942269578,0.027462267
643.5,7.942823901,0.027515107
644,7.943177953,0.027556189
644.5,7.943467632,0.027602234
645,7.943557039,0.027651274
645.5,7.945388093,0.027694949
646,7.945513263,0.027742603
646.5,7.944894567,0.0277882
647,7.945552602,0.027832189
647.5,7.945520416,0.027881899
648,7.945552602,0.027926781
648.5,7.945788637,0.027970948
649,7.947397962,0.028021016
649.5,7.948073879,0.028066703
650,7.947408691,0.028109261
650.5,7.948195472,0.028158926
651,7.948270574,0.028203943
651.5,7.948259845,0.028249943
652,7.948438659,0.028298178
652.5,7.948982254,0.028341629
653,7.949132457,0.028386646
653.5,7.949336305,0.028435507
654,7.950434223,0.028478556
654.5,7.95098497,0.028527462
655,7.950899139,0.028574266
655.5,7.950974241,0.028617316
656,7.951439157,0.028666087
656.5,7.951703802,0.028710836
657,7.951178089,0.028756567
657.5,7.952014938,0.028805205
658,7.953638569,0.02885107
658.5,7.953141466,0.028893583
659,7.953742281,0.028944098
659.5,7.953928247,0.028988981
660,7.953788772,0.029031762
660.5,7.953756586,0.029083305
661,7.95522286,0.029126846
661.5,7.955673471,0.029173204
662,7.954203621,0.02922202
662.5,7.955694929,0.029262655
663,7.956499592,0.029311963
663.5,7.956288591,0.029359126
664,7.956506744,0.029401773
664.5,7.957286373,0.029450723
665,7.957340017,0.029499047
665.5,7.956753508,0.029540756
666,7.958505884,0.029588231
666.5,7.958963648,0.029634991
667,7.957447306,0.029679024
667.5,7.958727614,0.029728823
668,7.959686056,0.029773214
668.5,7.959228293,0.029814565
669,7.95934631,0.029864811
669.5,7.960851923,0.029909336
670,7.961252467,0.029955649
670.5,7.959850565,0.030005001
671,7.961577908,0.030048856
671.5,7.962010638,0.030094453
672,7.960876957,0.030142644
672.5,7.961910502,0.030184754
673,7.962203757,0.030233883
673.5,7.962307469,0.030281358
674,7.962429062,0.030322173
674.5,7.963845269,0.030371704
675,7.964531914,0.030419805
675.5,7.963172928,0.030461022
676,7.964381711,0.030511671
676.5,7.964674965,0.030557447
677,7.96450688,0.030600765
677.5,7.964642779,0.030647838
678,7.966194884,0.030695134
678.5,7.966835038,0.030738228
679,7.965132729,0.030788296
679.5,7.966877953,0.030834162
680,7.967443005,0.030876049
680.5,7.966806428,0.0309271
681,7.967328564,0.030969837
681.5,7.967489497,0.031016507
682,7.967618243,0.031064161
682.5,7.967489497,0.031107121
683,7.9681976,0.031153523
683.5,7.969535128,0.031204128
684,7.96850516,0.031245523
684.5,7.969756858,0.031292417
685,7.970025079,0.031341859
685.5,7.970153825,0.031385982
686,7.969949977,0.031431087
686.5,7.970368401,0.031477668
687,7.971466319,0.031520763
687.5,7.970482842,0.031569802
688,7.971788184,0.031616696
688.5,7.972846763,0.031661355
689,7.972599999,0.031711378
689.5,7.972453372,0.031753891
690,7.972939746,0.031797701
690.5,7.973007695,0.031848886
691,7.972743051,0.031891176
691.5,7.973061339,0.031935879
692,7.974702851,0.031986618
692.5,7.973658578,0.032030516
693,7.974180715,0.032075533
693.5,7.975621955,0.032125958
694,7.975711362,0.032168114
694.5,7.975178497,0.03221322
695,7.975675599,0.032263377
695.5,7.975947397,0.032307007
696,7.97563626,0.032352247
696.5,7.976083295,0.032399946
697,7.978093164,0.032443443
697.5,7.977295654,0.032493913
698,7.977334993,0.03253884
698.5,7.978429334,0.032583186
699,7.978350656,0.032632851
699.5,7.978168266,0.032675096
700,7.978407876,0.032719755
700.5,7.978493707,0.032770359
701,7.978389995,0.032810995
701.5,7.978890674,0.03285838
702,7.980503576,0.032908761
702.5,7.980510728,0.032952794
703,7.979716794,0.032998034
703.5,7.981036441,0.033046224
704,7.981150882,0.033088335
704.5,7.981000679,0.033135095
705,7.981140153,0.033183196
705.5,7.981401222,0.033225709
706,7.981619375,0.033276313
706.5,7.981748121,0.033320659
707,7.983328836,0.033365631
707.5,7.983768718,0.033414179
708,7.983175056,0.03345991
708.5,7.983697193,0.033503988
709,7.983861702,0.033554637
709.5,7.983675735,0.033597552
710,7.983825939,0.033641272
710.5,7.98424794,0.03369143
711,7.984559076,0.033734971
711.5,7.984559076,0.033780166
712,7.985238569,0.033829698
712.5,7.986529606,0.033873731
713,7.986164825,0.033918836
713.5,7.98645808,0.033968189
714,7.986551063,0.034010881
714.5,7.986604708,0.034057685
715,7.98645808,0.034103909
715.5,7.987019556,0.034147227
716,7.987809914,0.034196669
716.5,7.987412947,0.034242132
717,7.988804119,0.034287283
717.5,7.989304798,0.034336188
718,7.988854187,0.034382188
718.5,7.988904255,0.034424925
719,7.989172476,0.034474054
719.5,7.989304798,0.03452059
720,7.989218968,0.034562835
720.5,7.989347714,0.034612322
721,7.990495699,0.03465631
721.5,7.98978402,0.034700834
722,7.990803259,0.034750589
722.5,7.991783159,0.03479498
723,7.991822499,0.034839996
723.5,7.99128248,0.034888947
724,7.991944092,0.03493222
724.5,7.992155092,0.03498193
725,7.991944092,0.035030254
725.5,7.992062109,0.035072231
726,7.993664282,0.035121003
726.5,7.994261521,0.035169282
727,7.993510502,0.0352126
727.5,7.994572657,0.03526164
728,7.994583386,0.035307595
728.5,7.993975418,0.035350823
729,7.994504708,0.035399014
729.5,7.994919556,0.035442868
730,7.994679945,0.035487124
730.5,7.994676369,0.035537594
731,7.996031779,0.035581761
731.5,7.996868628,0.035626599
732,7.995520371,0.035675952
732.5,7.997151154,0.035720163
733,7.997369307,0.035765403
733.5,7.996460932,0.035813415
734,7.997108239,0.035856464
734.5,7.997465867,0.035905012
735,7.997440833,0.0359528
735.5,7.997562426,0.03599424
736,7.998631734,0.03604404
736.5,7.999765414,0.03608928
737,7.998349208,0.036133313
737.5,7.999339837,0.036183828
738,8.000037211,0.03622947
738.5,7.999618787,0.036271983
739,7.999525803,0.03632299
739.5,8.000223178,0.036366173
740,8.000151652,0.036410698
740.5,8.000194567,0.036461437
741,8.000734586,0.036503458
741.5,8.002086419,0.036550978
742,8.001038569,0.036598766
742.5,8.00158574,0.036642843
743,8.002501267,0.036691481
743.5,8.002547759,0.036738196
744,8.00192191,0.036780217
744.5,8.002883929,0.036830106
745,8.002959031,0.036877492
745.5,8.002926845,0.036920631
746,8.003284472,0.036970118
746.5,8.004246491,0.037014508
747,8.004192847,0.037061536
747.5,8.003141421,0.037109592
748,8.003845948,0.037153491
748.5,8.005330104,0.037199089
749,8.004393119,0.037247503
749.5,8.005219239,0.03729158
750,8.005548257,0.037337938
750.5,8.005634088,0.037386978
751,8.005694884,0.037428373
751.5,8.006145496,0.037478128
752,8.00641014,0.037525916
752.5,8.005723495,0.037567803
753,8.006027478,0.037615144
753.5,8.007797736,0.037663469
754,8.006671209,0.03770701
754.5,8.007175464,0.037757212
755,8.008373517,0.037801692
755.5,8.008455772,0.037846395
756,8.008133907,0.037895748
756.5,8.008613128,0.0379392
757,8.00853445,0.037985021
757.5,8.008133907,0.038033345
758,8.008473653,0.038077736
758.5,8.01022603,0.038127401
759,8.008970756,0.038172328
759.5,8.009492893,0.038215825
760,8.010808963,0.038266832
760.5,8.01105215,0.038311893
761,8.010472793,0.038355926
761.5,8.011112947,0.038404384
762,8.011238117,0.038449803
762.5,8.010952014,0.038494909
763,8.011105794,0.038543189
763.5,8.011377592,0.038586104
764,8.012271661,0.038635233
764.5,8.011742372,0.038683289
765,8.013348121,0.038727143
765.5,8.013698597,0.038777301
766,8.01256134,0.038822049
766.5,8.013712902,0.038865322
767,8.013798732,0.03891682
767.5,8.013802309,0.038960987
768,8.013755817,0.039003992
768.5,8.013891716,0.039054507
769,8.013941784,0.039098048
769.5,8.01400258,0.039145792
770,8.014335174,0.039194965
770.5,8.015733499,0.039237478
771,8.015025396,0.039286742
771.5,8.014810819,0.039332071
772,8.015865822,0.039377221
772.5,8.01649167,0.039426082
773,8.015365143,0.039472976
773.5,8.016602535,0.039516294
774,8.016860027,0.039565915
774.5,8.016613264,0.039609993
775,8.016670484,0.039655903
775.5,8.017392893,0.039705658
776,8.017228384,0.039749557
776.5,8.016652603,0.039794618
777,8.017113943,0.039844731
777.5,8.019113083,0.039886797
778,8.017646808,0.039935747
778.5,8.018852014,0.039983177
779,8.019463558,0.040026674
779.5,8.019163151,0.040076071
780,8.019195337,0.040121266
780.5,8.019506474,0.040165791
781,8.019603033,0.040217379
781.5,8.019248981,0.040259668
782,8.019377727,0.040304104
782.5,8.021162291,0.040355155
783,8.019742508,0.040398428
783.5,8.020293255,0.040444115
784,8.022006292,0.040494406
784.5,8.021852512,0.040536696
785,8.020958443,0.04058578
785.5,8.022052784,0.040632942
786,8.022099276,0.040676126
786.5,8.021294613,0.040725613
787,8.022138615,0.040770629
787.5,8.022675057,0.040815154
788,8.022310276,0.040864238
788.5,8.022009869,0.040908897
789,8.023089905,0.040954942
789.5,8.023722906,0.041006351
790,8.022317429,0.041047746
790.5,8.023762245,0.041095132
791,8.024742146,0.041143322
791.5,8.02313282,0.04118588
792,8.024073382,0.041234473
792.5,8.024831553,0.041280607
793,8.024817248,0.041325534
793.5,8.024473925,0.041374618
794,8.024827977,0.0414195
794.5,8.025435944,0.04146474
795,8.024860163,0.041513825
795.5,8.025292893,0.041558886
796,8.02602603,0.041604841
796.5,8.025267859,0.041653836
797,8.025972386,0.041695634
797.5,8.026887913,0.041743422
798,8.027474423,0.041792238
798.5,8.026251336,0.041834706
799,8.027456542,0.041883925
799.5,8.02743866,0.041931445
800,8.027463694,0.041974181
800.5,8.027542372,0.042023578
801,8.027560254,0.042067924
801.5,8.028007288,0.042113656
802,8.027581711,0.04216435
802.5,8.027989407,0.042206595
803,8.029820462,0.042254561
803.5,8.028279086,0.04230302
804,8.029105206,0.042346919
804.5,8.030002852,0.042392963
805,8.0299957,0.042441824
805.5,8.028844138,0.042483667
806,8.029895564,0.042534808
806.5,8.030238886,0.042581791
807,8.030228158,0.042625824
807.5,8.030278226,0.042675758
808,8.030643006,0.042718673
808.5,8.030507107,0.042765567
809,8.030249615,0.042813847
809.5,8.031168719,0.042857433
810,8.031783839,0.042905712
810.5,8.030410548,0.042951846
811,8.031519194,0.042994315
811.5,8.032981892,0.043047065
812,8.03217723,0.043092036
812.5,8.032334586,0.043135086
813,8.033017655,0.043186808
813.5,8.032996198,0.043230438
814,8.032685061,0.043275991
814.5,8.033067723,0.043326864
815,8.033300181,0.043369511
815.5,8.033010503,0.043418148
816,8.033107062,0.043466115
816.5,8.034237166,0.043510059
817,8.033936759,0.043560574
817.5,8.033400317,0.043604473
818,8.034873744,0.043649712
818.5,8.035363694,0.043701211
819,8.034294387,0.043743456
819.5,8.035199185,0.043791959
820,8.035732051,0.043839658
820.5,8.03543522,0.043882886
821,8.035456677,0.043931255
821.5,8.035717746,0.043979311
822,8.035853644,0.04402245
822.5,8.035753509,0.044073993
823,8.035903712,0.044117445
823.5,8.036114713,0.044163266
824,8.036003848,0.044214452
824.5,8.036129018,0.044257546
825,8.036325713,0.044305155
825.5,8.037141105,0.044353345
826,8.03638651,0.044395903
826.5,8.037724038,0.044445524
827,8.038464328,0.044493759
827.5,8.037820598,0.044536138
828,8.037938615,0.044585938
828.5,8.038424989,0.044630552
829,8.038467904,0.04467606
829.5,8.037995835,0.044726262
830,8.038450023,0.044770071
830.5,8.038585921,0.044818127
831,8.038435718,0.04486681
831.5,8.03853943,0.044908294
832,8.039508601,0.044958586
832.5,8.039358398,0.045005525
833,8.038764735,0.045048619
833.5,8.040148755,0.045100206
834,8.040302535,0.045144508
834.5,8.038861295,0.045188675
835,8.039987823,0.045239726
835.5,8.041164419,0.045283223
836,8.04059579,0.045331547
836.5,8.04099991,0.045377994
837,8.041178724,0.0454231
837.5,8.041164419,0.04547357
838,8.041067859,0.045518408
838.5,8.041225215,0.045562128
839,8.041350385,0.045612598
839.5,8.041146537,0.04565605
840,8.041321775,0.045704151
840.5,8.042376777,0.045752654
841,8.041708013,0.045795927
841.5,8.041811725,0.045844207
842,8.043113491,0.045891548
842.5,8.043739339,0.045935581
843,8.041761657,0.045986721
843.5,8.042641422,0.046029279
844,8.04354622,0.046076262
844.5,8.042805931,0.046126509
845,8.043231508,0.046167502
845.5,8.043986103,0.046215156
846,8.043943187,0.046265313
846.5,8.043703577,0.046307514
847,8.043957492,0.046356598
847.5,8.044100544,0.046403313
848,8.04392173,0.046447927
848.5,8.043975374,0.04649804
849,8.044636985,0.046543682
849.5,8.044626257,0.046588251
850,8.044272205,0.046639169
850.5,8.046110412,0.046682263
851,8.046510955,0.046732957
851.5,8.045037529,0.046778778
852,8.046271345,0.046823615
852.5,8.046611091,0.046874935
853,8.045842191,0.04691785
853.5,8.045434496,0.046962643
854,8.046578905,0.047015349
854.5,8.046600362,0.047057191
855,8.04616048,0.047105471
855.5,8.046693346,0.047154019
856,8.047154686,0.047199393
856.5,8.046800634,0.047245795
857,8.046643278,0.047292555
857.5,8.046993753,0.047340656
858,8.046904346,0.047388623
858.5,8.046689769,0.04743279
859,8.046861431,0.047480444
859.5,8.048535129,0.047531495
860,8.04708316,0.047572577
860.5,8.048127434,0.047624881
861,8.049311182,0.047669808
861.5,8.048856994,0.047717193
862,8.048259756,0.047767172
862.5,8.04902508,0.047808791
863,8.049261114,0.047858009
863.5,8.047923586,0.047904814
864,8.04911091,0.047949383
864.5,8.049371979,0.048000882
865,8.049307606,0.04804639
865.5,8.049329063,0.0480923
866,8.049550793,0.048144067
866.5,8.049883386,0.048187116
867,8.049318334,0.04823705
867.5,8.049346945,0.04828305
868,8.049872658,0.048327441
868.5,8.049489996,0.048377598
869,8.049522182,0.048422346
869.5,8.051270983,0.048470983
870,8.051485559,0.048519844
870.5,8.049944183,0.048562268
871,8.051653645,0.048613364
871.5,8.051968357,0.04865914
872,8.04975464,0.04870447
872.5,8.051303169,0.04875646
873,8.051954052,0.048799599
873.5,8.051560661,0.048848549
874,8.05108144,0.048896695
874.5,8.052075645,0.048939878
875,8.052111408,0.048991466
875.5,8.051943323,0.049034918
876,8.052136442,0.049081097
876.5,8.052161476,0.049133757
877,8.051968357,0.049176315
877.5,8.052175781,0.049223701
878,8.052361748,0.049273366
878.5,8.052233002,0.049315566
879,8.052182934,0.04936702
879.5,8.052894613,0.049411947
880,8.053602717,0.049461166
880.5,8.052479765,0.049509043
881,8.053259394,0.049553031
881.5,8.053531191,0.049603189
882,8.052919647,0.049649501
882.5,8.052444002,0.049693266
883,8.054149887,0.049745837
883.5,8.054149887,0.049788932
884,8.053459665,0.049837569
884.5,8.054854414,0.049886877
885,8.054832956,0.049930731
885.5,8.054697058,0.049980531
886,8.054697058,0.050025413
886.5,8.054825804,0.05007186
887,8.054761431,0.050122509
887.5,8.054378769,0.050165022
888,8.054861567,0.050215224
888.5,8.054958126,0.050263504
889,8.055008194,0.050308118
889.5,8.054918787,0.050358946
890,8.055333636,0.050401951
890.5,8.055294296,0.050450499
891,8.054929516,0.050499404
891.5,8.055516026,0.050543214
892,8.055297873,0.050594354
892.5,8.054965279,0.050638521
893,8.05529072,0.050683851
893.5,8.056678316,0.050736467
894,8.056513808,0.050779069
894.5,8.055376551,0.050827885
895,8.056753418,0.050878266
895.5,8.057182572,0.050922389
896,8.055351517,0.050971249
896.5,8.055887959,0.051015729
897,8.057146809,0.051063741
897.5,8.056263468,0.051112736
898,8.056535265,0.05115516
898.5,8.057672522,0.051206166
899,8.057511589,0.05125315
899.5,8.056760571,0.051297764
900,8.05756881,0.051349352
900.5,8.057611725,0.051393384
901,8.056993029,0.051442424
901.5,8.057629607,0.05149057
902,8.057697556,0.051534871
902.5,8.057676098,0.051584671
903,8.057522318,0.051629151
903.5,8.057858488,0.051675508
904,8.058040879,0.051727767
904.5,8.057543776,0.051769967
905,8.057776234,0.05181914
905.5,8.058226845,0.05186742
906,8.057690403,0.051912571
906.5,8.057640335,0.051961923
907,8.05867388,0.052006225
907.5,8.059092305,0.052054147
908,8.057826302,0.052105243
908.5,8.058881304,0.052148426
909,8.0598469,0.052198003
909.5,8.058595202,0.052244137
910,8.05931761,0.052289332
910.5,8.059972069,0.052342171
911,8.059643052,0.052385712
911.5,8.058505795,0.052436183
912,8.060000679,0.052483077
912.5,8.060344002,0.052529702
913,8.05901005,0.052580441
913.5,8.060193799,0.052622999
914,8.060283206,0.052674229
914.5,8.059986374,0.052721704
915,8.059947035,0.052763233
915.5,8.060265324,0.052816073
916,8.060433409,0.052860195
916.5,8.059843323,0.052907
917,8.060358307,0.052958632
917.5,8.060429833,0.053001503
918,8.060361884,0.053052599
918.5,8.060386918,0.053097973
919,8.06042268,0.053143571
919.5,8.060608647,0.053196947
920,8.060411952,0.053239907
920.5,8.060397646,0.053287963
921,8.060762427,0.053336556
921.5,8.060465596,0.053380633
922,8.060597918,0.053432489
922.5,8.061270259,0.053477014
923,8.061080716,0.05352507
923.5,8.060655139,0.053575764
924,8.061348937,0.053619082
924.5,8.062411091,0.053671608
925,8.060404799,0.053715418
925.5,8.060969851,0.053762356
926,8.062396786,0.053811888
926.5,8.061474106,0.053855116
927,8.06128814,0.053906883
927.5,8.062840245,0.05395248
928,8.062736533,0.053999642
928.5,8.060994885,0.054049397
929,8.062840245,0.054095084
929.5,8.063144229,0.054146493
930,8.061509869,0.054191376
930.5,8.061910412,0.054237823
931,8.06300833,0.054289187
931.5,8.062793753,0.054333175
932,8.061917565,0.054382036
932.5,8.063019059,0.054428662
933,8.063147805,0.054475645
933.5,8.061985514,0.054525847
934,8.06295111,0.054570864
934.5,8.063176415,0.054622094
935,8.06218221,0.054668362
935.5,8.062722228,0.05471092
936,8.063154957,0.054765011
936.5,8.063122771,0.054809938
937,8.062682889,0.054854999
937.5,8.063140652,0.054907436
938,8.063165686,0.054950396
938.5,8.062936804,0.055001671
939,8.063222907,0.055047313
939.5,8.063298009,0.055094207
940,8.063015483,0.055145169
940.5,8.062997601,0.055189381
941,8.063276551,0.055241237
941.5,8.06359484,0.055286522
942,8.062954686,0.055333818
942.5,8.063262246,0.05538545
943,8.063523314,0.055428232
943.5,8.063222907,0.05547982
944,8.063169263,0.055523584
944.5,8.063208602,0.055571372
945,8.063423178,0.055622781
945.5,8.063212178,0.055666188
946,8.063301585,0.055718447
946.5,8.064184926,0.055762837
947,8.063473246,0.055808793
947.5,8.063255093,0.055860649
948,8.06402757,0.055905799
948.5,8.064070485,0.055955196
949,8.063194297,0.05600057
949.5,8.063351653,0.056047196
950,8.064177773,0.056099678
950.5,8.063247941,0.056143175
951,8.063394568,0.056192661
951.5,8.064850114,0.056240673
952,8.06436374,0.056287075
952.5,8.063265822,0.056336919
953,8.064260028,0.05638055
953.5,8.065111182,0.056433211
954,8.063201449,0.056478674
954.5,8.063966773,0.056522886
955,8.06534364,0.05657729
955.5,8.064406655,0.056620608
956,8.064177773,0.056672509
956.5,8.065547488,0.056718866
957,8.065139792,0.056764553
957.5,8.063448212,0.056815515
958,8.064739249,0.056860084
958.5,8.065347216,0.056912164
959,8.063973925,0.056958119
959.5,8.064134858,0.057003046
960,8.065683387,0.057056109
960.5,8.064928792,0.057099963
961,8.064202807,0.057149003
961.5,8.065561793,0.057197462
962,8.06562259,0.057246412
962.5,8.063888095,0.057295675
963,8.064885876,0.057339395
963.5,8.065422318,0.057392324
964,8.064356587,0.057437028
964.5,8.064310096,0.057484234
965,8.065658353,0.057535241
965.5,8.065751336,0.057580258
966,8.064667723,0.057631622
966.5,8.06574776,0.057676102
967,8.065733455,0.057726796
967.5,8.064513943,0.057774941
968,8.065257809,0.057819019
968.5,8.065500996,0.057872797
969,8.065332911,0.057916741
969.5,8.064374469,0.057963456
970,8.065590403,0.05801567
970.5,8.065783522,0.058058764
971,8.06518986,0.05811062
971.5,8.065540336,0.058156396
972,8.065797828,0.058204721
972.5,8.065615437,0.058255191
973,8.064317248,0.058297838
973.5,8.0656512,0.058349962
974,8.065762065,0.05839556
974.5,8.065375827,0.058447326
975,8.065801404,0.058494757
975.5,8.065915845,0.058540533
976,8.065704844,0.058593417
976.5,8.065547488,0.058636199
977,8.065887235,0.058687876
977.5,8.065719149,0.05873401
978,8.06433513,0.058779652
978.5,8.065139792,0.058831329
979,8.065790675,0.058877419
979.5,8.065175555,0.058929141
980,8.065486691,0.058973352
980.5,8.065890811,0.059023957
981,8.065815709,0.059072192
981.5,8.064925216,0.059116985
982,8.065669082,0.059170718
982.5,8.065758489,0.059214975
983,8.063870213,0.059264014
983.5,8.064739249,0.059311847
984,8.065794251,0.059358294
984.5,8.06559398,0.059409345
985,8.065529607,0.05945463
985.5,8.065794251,0.059506531
986,8.06577637,0.059553425
986.5,8.064131282,0.059600632
987,8.065157674,0.059651281
987.5,8.065568946,0.059696655
988,8.064381621,0.059747527
988.5,8.064231417,0.059794466
989,8.065551064,0.059843103
989.5,8.065690539,0.059892948
990,8.064631961,0.059935774
990.5,8.065790675,0.059989641
991,8.065758489,0.060034255
991.5,8.064149163,0.06008486
992,8.064867995,0.060132558
992.5,8.065297149,0.060177575
993,8.064724944,0.060230906
993.5,8.063973925,0.060273687
994,8.065647624,0.060327466
994.5,8.065644048,0.060373063
995,8.063995383,0.060422237
995.5,8.06521847,0.060473959
996,8.06513264,0.060516874
996.5,8.064070485,0.060569311
997,8.063408873,0.060613434
997.5,8.064810775,0.060663055
998,8.064463876,0.060712631
998.5,8.063230059,0.060759033
999,8.064639113,0.060810934
999.5,8.065236352,0.060855682
1000,8.063619874,0.060906957
1000.5,8.063787959,0.060953538
1001,8.064167044,0.061002846
1001.5,8.063433907,0.061052467
1002,8.063276551,0.061096723
1002.5,8.063380263,0.061148937
1003,8.063687823,0.0611944
1003.5,8.06328728,0.06124791
1004,8.063433907,0.061294357
1004.5,8.064038298,0.061342101
1005,8.063387416,0.061393912
1005.5,8.063176415,0.061435933
1006,8.063201449,0.061488549
1006.5,8.063290856,0.061535622
1007,8.063026211,0.06158113
1007.5,8.063144229,0.061633389
1008,8.063326619,0.061678718
1008.5,8.063101313,0.061731513
1009,8.063154957,0.061774875
1009.5,8.063269398,0.061827849
1010,8.0633445,0.061875547
1010.5,8.062872431,0.061920385
1011,8.063222907,0.061975549
1011.5,8.063140652,0.06201766
1012,8.062761567,0.06207117
1012.5,8.063058398,0.062115069
1013,8.063147805,0.062167327
1013.5,8.06319072,0.062216143
1014,8.062457583,0.062260802
1014.5,8.063054822,0.062312747
1015,8.063076279,0.062357853
1015.5,8.061738751,0.062408234
1016,8.062636397,0.062455843
1016.5,8.063054822,0.062505151
1017,8.062049887,0.062555487
1017.5,8.062167905,0.062598269
1018,8.062947533,0.062653746
1018.5,8.062614939,0.0626976
1019,8.06098058,0.062747757
1019.5,8.062361024,0.062796216
1020,8.062818787,0.062843378
1020.5,8.061170123,0.062895189
1021,8.06064441,0.062938239
1021.5,8.061449072,0.062992643
1022,8.061205885,0.063037749
1022.5,8.060469172,0.063085045
1023,8.060894749,0.063136677
1023.5,8.061431191,0.063183258
1024,8.060590766,0.063233282
1024.5,8.060522816,0.063278611
1025,8.060698054,0.063331942
1025.5,8.060426257,0.063378255
1026,8.060451291,0.063424389
1026.5,8.060658715,0.0634762
1027,8.060647986,0.06352144
1027.5,8.060383341,0.06357352
1028,8.060440562,0.063618447
1028.5,8.060347579,0.063669811
1029,8.0602689,0.063718627
1029.5,8.060390494,0.063764717
1030,8.060340426,0.063818763
1030.5,8.060315392,0.063862394
1031,8.059339068,0.063915725
1031.5,8.059989951,0.063960205
1032,8.060361884,0.064010854
1032.5,8.058859847,0.064058597
1033,8.059331915,0.064105938
1033.5,8.060065053,0.064158912
1034,8.059457085,0.064203392
1034.5,8.057947895,0.064255069
1035,8.059052966,0.064302231
1035.5,8.059049389,0.064352746
1036,8.057776234,0.064401428
1036.5,8.057951472,0.064446713
1037,8.058874152,0.064499284
1037.5,8.058137438,0.064544971
1038,8.057654641,0.064598258
1038.5,8.057786963,0.064642827
1039,8.057729742,0.064695354
1039.5,8.057364962,0.06474198
1040,8.057529471,0.064789231
1040.5,8.057661793,0.064841981
1041,8.056985876,0.064884763
1041.5,8.050652286,0.064928661
1042,8.024477501,0.06494842
1042.5,8.003853101,0.064964022
1043,7.987713354,0.06496505
1043.5,7.974423902,0.064967375
1044,7.963180081,0.064980249
1044.5,7.95329167,0.064993079
1045,7.944676414,0.064998354
1045.5,7.936619057,0.064999785
1046,7.92952372,0.06499965
1046.5,7.92272879,0.064998846
1047,7.916752828,0.06499965
1047.5,7.911141647,0.06500278
1048,7.905809415,0.065008099
1048.5,7.900663149,0.065015297
1049,7.895838749,0.065024953
1049.5,7.891783249,0.065028663
1050,7.887062561,0.065032373
1050.5,7.88331462,0.065032686
1051,7.879040967,0.065033715
1051.5,7.875554095,0.065033536
1052,7.872067223,0.065033267
1052.5,7.868637572,0.065033089
1053,7.865247259,0.065033491
1053.5,7.862164507,0.065034162
1054,7.858995924,0.065033178
1054.5,7.856045494,0.065033715
1055,7.853130827,0.065035011
1055.5,7.850223312,0.065036263
1056,7.847523221,0.06503823
1056.5,7.845005521,0.065043818
1057,7.842398414,0.065046634
1057.5,7.840009459,0.06504878
1058,7.83748103,0.065055083
1058.5,7.835342415,0.065058614
1059,7.832881935,0.065062504
1059.5,7.830671795,0.065064202
1060,7.828415163,0.065065141
1060.5,7.826144226,0.065066795
1061,7.824384697,0.065066125
1061.5,7.822564371,0.065067734
1062,7.820060976,0.065066929
1062.5,7.818029649,0.065067779
1063,7.816552646,0.065066393
1063.5,7.814517743,0.065067779
1064,7.812489993,0.065068315
1064.5,7.811059482,0.065067019
1065,7.808999545,0.065067287
1065.5,7.807232863,0.065067823
1066,7.805687911,0.065068226
1066.5,7.803624398,0.065067108
1067,7.802158123,0.065067779
1067.5,7.800616747,0.06506827
1068,7.798735624,0.065067063
1068.5,7.797791487,0.065067153
1069,7.795449024,0.06506903
1069.5,7.794705158,0.065067868
1070,7.792680984,0.065068181
1070.5,7.791679626,0.065069343
1071,7.789816385,0.065071712
1071.5,7.788425212,0.065072025
1072,7.787073379,0.065073322
1072.5,7.785567766,0.065074708
1073,7.78439117,0.065076496
1073.5,7.782867675,0.065077792
1074,7.781669622,0.065078418
1074.5,7.78051806,0.065081815
1075,7.778930192,0.065086688
1075.5,7.777893071,0.065089773
1076,7.776348119,0.065090041
1076.5,7.775679354,0.065093707
1077,7.773655181,0.065093349
1077.5,7.773304705,0.065096478
1078,7.771144633,0.065098669
1078.5,7.770733361,0.065098088
1079,7.76898456,0.065098758
1079.5,7.767997507,0.065100367
1080,7.76723576,0.065100859
1080.5,7.765404705,0.065101574
1081,7.765057806,0.065102066
1081.5,7.763226751,0.065101619
1082,7.76265097,0.065101664
1082.5,7.761442188,0.065102826
1083,7.759990219,0.065102692
1083.5,7.759693388,0.065100904
1084,7.758030418,0.065101127
1084.5,7.757150653,0.065101977
1085,7.756489042,0.065101261
1085.5,7.754836801,0.065101753
1086,7.754332546,0.065102692
1086.5,7.75336695,0.065101798
1087,7.75171471,0.065102066
1087.5,7.751457217,0.06510153
1088,7.750076774,0.065101261
1088.5,7.748935941,0.065101619
1089,7.748800042,0.065101709
1089.5,7.746951106,0.065102424
1090,7.746114257,0.065100949
1090.5,7.74587107,0.065101798
1091,7.744115117,0.065102826
1091.5,7.743378403,0.065102871
1092,7.743027928,0.065102424
1092.5,7.741629603,0.065101172
1093,7.74069977,0.065101798
1093.5,7.740506651,0.065102156
1094,7.739347937,0.065101932
1094.5,7.738003256,0.065102245
1095,7.737838747,0.065102066
1095.5,7.736765864,0.0651022
1096,7.735417607,0.065102379
1096.5,7.735177996,0.06510296
1097,7.734562876,0.065102379
1097.5,7.732946398,0.065101977
1098,7.732506516,0.065103765
1098.5,7.732324125,0.065104033
1099,7.730932953,0.065104123
1099.5,7.729788544,0.065103899
1100,7.729724171,0.06510448
1100.5,7.729005338,0.065106134
1101,7.727342369,0.06510533
1101.5,7.727070572,0.065110202
1102,7.726795198,0.065108727
1102.5,7.725371839,0.065109576
1103,7.724363328,0.065111901
1103.5,7.72425604,0.065112795
1104,7.723637344,0.065115298
1104.5,7.722060205,0.065114941
1105,7.72161317,0.065119053
1105.5,7.721477271,0.065116505
1106,7.720490218,0.065117712
1106.5,7.719099046,0.065121602
1107,7.718784333,0.065122138
1107.5,7.718533994,0.065122987
1108,7.717457534,0.065124463
1108.5,7.716216565,0.065125357
1109,7.716116429,0.065128397
1109.5,7.715812446,0.065128486
1110,7.714721681,0.065128397
1110.5,7.713702441,0.065129112
1111,7.713341237,0.065130855
1111.5,7.713205338,0.065131928
1112,7.712082387,0.065131839
1112.5,7.710937977,0.065132912
1113,7.710641146,0.065133224
1113.5,7.710451604,0.065133716
1114,7.709493161,0.065133761
1114.5,7.708295107,0.065134029
1115,7.707833767,0.065135191
1115.5,7.707708598,0.065134163
1116,7.707097054,0.065134834
1116.5,7.705884695,0.065134655
1117,7.705137253,0.065135817
1117.5,7.704958439,0.065135594
1118,7.704772473,0.065135504
1118.5,7.703406334,0.065135236
1119,7.702465773,0.065136264
1119.5,7.702308417,0.065135951
1120,7.702265501,0.065136667
1120.5,7.701503754,0.065135996
1121,7.700298548,0.065135236
1121.5,7.699654818,0.065136443
1122,7.699561834,0.065135415
1122.5,7.699418783,0.065135013
1123,7.69837451,0.065136667
1123.5,7.697255134,0.065135683
1124,7.696904659,0.065135728
1124.5,7.696858167,0.06513622
1125,7.696271658,0.065135862
1125.5,7.695323944,0.065135728
1126,7.694336891,0.065136622
1126.5,7.694133043,0.06513546
1127,7.694111585,0.065135638
1127.5,7.693746805,0.065136488
1128,7.69255948,0.065135996
1128.5,7.691604614,0.065135594
1129,7.691411495,0.065136086
1129.5,7.691372156,0.065135951
1130,7.691028833,0.06513613
1130.5,7.689888,0.065135549
1131,7.688883066,0.065135013
1131.5,7.688697099,0.065135057
1132,7.688607692,0.065136443
1132.5,7.688328742,0.065136264
1133,7.687348842,0.065135549
1133.5,7.686308145,0.065135683
1134,7.685939788,0.065136041
1134.5,7.685989856,0.065135638
1135,7.685839652,0.065135773
1135.5,7.685024261,0.06513622
1136,7.683733224,0.065135594
1136.5,7.683250426,0.06513613
1137,7.683207511,0.065136711
1137.5,7.683207511,0.065135147
1138,7.682599543,0.065135817
1138.5,7.681616067,0.065135504
1139,7.680836438,0.065136309
1139.5,7.680546759,0.065135951
1140,7.680385827,0.065135683
1140.5,7.680274962,0.065135415
1141,7.679552554,0.065136398
1141.5,7.678493975,0.065135549
1142,7.677911042,0.065137069
1142.5,7.677746533,0.065135638
1143,7.677667855,0.065136264
1143.5,7.677410363,0.065135907
1144,7.676505564,0.06513613
1144.5,7.6758368,0.065137337
1145,7.675125121,0.065135951
1145.5,7.675035714,0.065136533
1146,7.674949883,0.065137203
1146.5,7.674735306,0.065136935
1147,7.673912762,0.065137337
1147.5,7.672721861,0.065138634
1148,7.672314165,0.065137516
1148.5,7.672274826,0.065138499
1149,7.672221182,0.06513841
1149.5,7.671927927,0.065140019
1150,7.671091078,0.065141092
1150.5,7.670293568,0.065139349
1151,7.669606922,0.065138723
1151.5,7.669589041,0.065139975
1152,7.669517515,0.065139528
1152.5,7.66913843,0.065140958
1153,7.668680666,0.065143775
1153.5,7.667479036,0.06514221
1154,7.667017696,0.065142433
1154.5,7.666849611,0.065141942
1155,7.66680312,0.065144624
1155.5,7.666720865,0.06514373
1156,7.666191576,0.065145026
1156.5,7.665261743,0.065146054
1157,7.66442847,0.065144624
1157.5,7.664113758,0.065146993
1158,7.664027927,0.065148021
1158.5,7.664010046,0.065147261
1159,7.663720367,0.065147843
1159.5,7.663033722,0.065150435
1160,7.66231489,0.065148558
1160.5,7.661499498,0.065151911
1161,7.661363599,0.065153654
1161.5,7.661360023,0.065152402
1162,7.661188362,0.065153118
1162.5,7.661116836,0.065154459
1163,7.660212038,0.065155889
1163.5,7.659217832,0.065153073
1164,7.65874934,0.065156873
1164.5,7.658545492,0.0651558
1165,7.658606288,0.065158258
1165.5,7.658588407,0.065159912
1166,7.65816283,0.06515951
1166.5,7.657454727,0.065158705
1167,7.656492708,0.065162148
1167.5,7.656017062,0.065161477
1168,7.655838248,0.065163131
1168.5,7.655859706,0.065164472
1169,7.655834672,0.06516331
1169.5,7.655516383,0.06516255
1170,7.654919145,0.065163712
1170.5,7.653917787,0.065163221
1171,7.653342006,0.065163846
1171.5,7.653220412,0.065164517
1172,7.653170344,0.065165187
1172.5,7.65303087,0.065165143
1173,7.652902124,0.065167601
1173.5,7.65229058,0.065167736
1174,7.651378629,0.065167065
1174.5,7.650799272,0.065167736
1175,7.650541779,0.065168943
1175.5,7.650477406,0.065167691
1176,7.650302169,0.065168183
1176.5,7.650302169,0.065167333
1177,7.649908778,0.06516854
1177.5,7.648846623,0.065168674
1178,7.648392436,0.065168585
1178.5,7.64783096,0.065169166
1179,7.647687909,0.06516939
1179.5,7.647637841,0.065170015
1180,7.647680756,0.065169166
1180.5,7.647459027,0.065169658
1181,7.646679398,0.065169524
1181.5,7.646196601,0.065167959
1182,7.645302531,0.065168719
1182.5,7.645127293,0.06516863
1183,7.644923445,0.065168451
1183.5,7.64493775,0.065169479
1184,7.644891259,0.065170284
1184.5,7.64478397,0.065169524
1185,7.64432263,0.065169166
1185.5,7.643489357,0.065169926
1186,7.642731186,0.065168898
1186.5,7.642480847,0.065169613
1187,7.64226627,0.0651693
1187.5,7.642155405,0.06516939
1188,7.642148253,0.065169747
1188.5,7.641965863,0.065169032
1189,7.641568896,0.065170284
1189.5,7.640892979,0.065169434
1190,7.639866587,0.065170999
1190.5,7.639759299,0.065171133
1191,7.63946962,0.065169658
1191.5,7.639448162,0.065170239
1192,7.639358755,0.065169568
1192.5,7.639380213,0.065170462
1193,7.638782974,0.065169255
1193.5,7.637946125,0.065169703
1194,7.637463327,0.065169613
1194.5,7.636894699,0.065169121
1195,7.636805292,0.065170686
1195.5,7.636683699,0.065169881
1196,7.636658665,0.065170194
1196.5,7.636597868,0.065170418
1197,7.636283155,0.065169524
1197.5,7.635796782,0.065169568
1198,7.635117289,0.065170284
1198.5,7.634330507,0.065170507
1199,7.63405871,0.065168853
1199.5,7.63408732,0.065169568
1200,7.634044405,0.065169613
1200.5,7.633901354,0.06517006
1201,7.633736845,0.065170328
1201.5,7.633418556,0.065170194
1202,7.632706877,0.065171088
1202.5,7.631963011,0.065169703
1203,7.631523128,0.065169881
1203.5,7.631322857,0.065170105
1204,7.631258484,0.065168361
1204.5,7.631226297,0.065169568
1205,7.631265636,0.065170239
1205.5,7.630990263,0.065170105
1206,7.630786415,0.065170373
1206.5,7.630099769,0.065169255
1207,7.62932014,0.065169613
1207.5,7.628865953,0.065170373
1208,7.628612037,0.065169524
1208.5,7.628637071,0.065169881
1209,7.628526207,0.065169568
1209.5,7.62849402,0.06517015
1210,7.628358121,0.06516939
1210.5,7.627868171,0.065169837
1211,7.627517696,0.065170105
1211.5,7.626780982,0.065169881
1212,7.626151557,0.065169255
1212.5,7.625933404,0.065170597
1213,7.625904794,0.065169568
1213.5,7.625865455,0.065170373
1214,7.625743862,0.065169613
1214.5,7.625686641,0.065169211
1215,7.625557895,0.065169971
1215.5,7.625175233,0.065169077
1216,7.624470706,0.065169255
1216.5,7.623744722,0.065169747
1217,7.623272653,0.065170775
1217.5,7.623197551,0.065170239
1218,7.623086686,0.065170462
1218.5,7.623015161,0.06516939
1219,7.623143907,0.065169479
1219.5,7.62290072,0.065170194
1220,7.622736211,0.065169926
1220.5,7.622221227,0.065170284
1221,7.621566768,0.065170194
1221.5,7.621051784,0.065171178
1222,7.620615478,0.065168451
1222.5,7.620504613,0.065170239
1223,7.620261426,0.065170865
1223.5,7.620225663,0.065168853
1224,7.61874866,0.065171178
1224.5,7.633311268,0.065184097
1225,7.693643093,0.065234746
1225.5,7.730568172,0.065254639
1226,7.768272881,0.065282802
1226.5,7.805945403,0.065309893
1227,7.840889224,0.065339933
1227.5,7.874835263,0.065370108
1228,7.908348573,0.06540082
1228.5,7.939433589,0.065432291
1229,7.967518107,0.065463896
1229.5,7.994257944,0.065498005
1230,8.018759031,0.065533365
1230.5,8.038575193,0.065568502
1231,8.057218335,0.065605338
1231.5,8.072796605,0.065643738
1232,8.084516071,0.065687682
1232.5,8.093471074,0.065728496
1233,8.101642871,0.06576855
1233.5,8.107629562,0.0658116
1234,8.110183025,0.065858628
1234.5,8.113086963,0.065903734
1235,8.115000273,0.065948258
1235.5,8.114621187,0.065999489
1236,8.113659168,0.066043745
1236.5,8.11265781,0.066094484
1237,8.111599231,0.066144194
1237.5,8.108241106,0.066191892
1238,8.106921459,0.066245313
1238.5,8.105000997,0.06629176
1239,8.100866818,0.066345404
1239.5,8.098560119,0.066390555
1240,8.096096062,0.066445987
1240.5,8.093016886,0.066490914
1241,8.090012812,0.066544916
1241.5,8.087627434,0.066591273
1242,8.084523224,0.066647913
1242.5,8.080979132,0.066691633
1243,8.078919195,0.066746663
1243.5,8.076741241,0.066794406
1244,8.073744319,0.066848408
1244.5,8.071269534,0.066896196
1245,8.069288276,0.066947828
1245.5,8.067661069,0.066998388
1246,8.064381621,0.067050244
1246.5,8.063194297,0.067099239
1247,8.061434767,0.067147698
1247.5,8.059399865,0.06720094
1248,8.057683251,0.067248549
1248.5,8.057343504,0.067302238
1249,8.055201313,0.067348193
1249.5,8.052798054,0.067401926
1250,8.052275917,0.067447256
1250.5,8.052050611,0.067502062
1251,8.049804708,0.067547257
1251.5,8.049246809,0.067600902
1252,8.04913952,0.06764793
1252.5,8.047605297,0.067699652
1253,8.046600362,0.067747663
1253.5,8.046446582,0.067798089
1254,8.046178362,0.067850124
1254.5,8.043932458,0.067894604
1255,8.043846628,0.067949812
1255.5,8.043846628,0.067993935
1256,8.041729471,0.068048026
1256.5,8.041232368,0.068094562
1257,8.041289588,0.06814843
1257.5,8.041157266,0.068193491
1258,8.038736125,0.068242665
1258.5,8.038832685,0.068294566
1259,8.039261838,0.068345483
1259.5,8.038031598,0.068395417
1260,8.038020869,0.068440612
1260.5,8.038088819,0.068494301
1261,8.036465188,0.068540122
1261.5,8.035710593,0.068593006
1262,8.035757085,0.06863847
1262.5,8.035721322,0.068693678
1263,8.034491082,0.068739276
1263.5,8.034955998,0.068791266
1264,8.034734269,0.068840663
1264.5,8.033289452,0.06888787
1265,8.032938977,0.06894062
1265.5,8.033049842,0.068987604
1266,8.032574197,0.069042902
1266.5,8.030675193,0.069084968
1267,8.031025668,0.069139372
1267.5,8.0309756,0.069184746
1268,8.030313988,0.069240089
1268.5,8.030145903,0.069285597
1269,8.030181666,0.0693379
1269.5,8.029069443,0.069389041
1270,8.027574559,0.069432627
1270.5,8.027481575,0.069487121
1271,8.027660389,0.069530975
1271.5,8.027338524,0.069586809
1272,8.026319285,0.069630708
1272.5,8.026927252,0.06968699
1273,8.026051064,0.069732677
1273.5,8.024924536,0.069785248
1274,8.024817248,0.069833707
1274.5,8.024760027,0.069885071
1275,8.023064871,0.069932457
1275.5,8.022220869,0.069980155
1276,8.022574921,0.070034425
1276.5,8.022102852,0.07008047
1277,8.021791716,0.070134114
1277.5,8.021952648,0.070179265
1278,8.021698732,0.070234339
1278.5,8.019585152,0.070279177
1279,8.019295473,0.070332553
1279.5,8.019366999,0.070379939
1280,8.018680353,0.070432465
1280.5,8.017292757,0.070479449
1281,8.017421503,0.070531483
1281.5,8.017342825,0.070582401
1282,8.016570349,0.070629563
1282.5,8.016623993,0.070681911
1283,8.016627569,0.070729207
1283.5,8.014567632,0.070784013
1284,8.013884563,0.070828672
1284.5,8.013877411,0.070884373
1285,8.013308782,0.070928316
1285.5,8.011180896,0.070983346
1286,8.011960525,0.071027826
1286.5,8.011230964,0.071082811
1287,8.010916252,0.071131002
1287.5,8.010937709,0.071182187
1288,8.0107732,0.07123078
1288.5,8.008670348,0.071280714
1289,8.008327026,0.07133181
1289.5,8.008280534,0.071378793
1290,8.007286329,0.07143275
1290.5,8.005662698,0.071476649
1291,8.005730647,0.071533646
1291.5,8.005591172,0.071577992
1292,8.004925984,0.071632754
1292.5,8.003674287,0.071677502
1293,8.00340249,0.07173356
1293.5,8.002848166,0.071780543
1294,8.000984925,0.071833115
1294.5,8.000337619,0.071880098
1295,8.000251788,0.07192878
1295.5,7.999575871,0.071980949
1296,7.9997976,0.07202762
1296.5,7.999532956,0.072082337
1297,7.997676867,0.072128739
1297.5,7.997490901,0.072183322
1298,7.997165459,0.072228294
1298.5,7.995874423,0.07228462
1299,7.99466564,0.072328385
1299.5,7.994333046,0.072382878
1300,7.994261521,0.072429862
1300.5,7.992566365,0.072482209
1301,7.992029923,0.072530891
1301.5,7.99202277,0.072584714
1302,7.991289633,0.07263219
1302.5,7.989336985,0.072682794
1303,7.989294069,0.072732147
1303.5,7.988732594,0.072783332
1304,7.986644047,0.072833311
1304.5,7.986508148,0.072879981
1305,7.986497419,0.072933312
1305.5,7.985374468,0.07297958
1306,7.983893888,0.073034968
1306.5,7.983718651,0.073079582
1307,7.983543413,0.073136624
1307.5,7.981265323,0.073181908
1308,7.981072204,0.073235955
1308.5,7.980650203,0.073282759
1309,7.978826301,0.073337164
1309.5,7.978175418,0.073383253
1310,7.978182571,0.073434394
1310.5,7.977295654,0.073484059
1311,7.975554006,0.073535289
1311.5,7.975443141,0.073585179
1312,7.975221412,0.073634174
1312.5,7.972821729,0.073687147
1313,7.972203033,0.073733102
1313.5,7.971412675,0.07378697
1314,7.97062947,0.07383297
1314.5,7.968869941,0.073887866
1315,7.968762652,0.073932078
1315.5,7.968172566,0.073990505
1316,7.966402308,0.074033465
1316.5,7.965719239,0.074087243
1317,7.965415255,0.074137088
1317.5,7.963838116,0.074191715
1318,7.961978451,0.07423557
1318.5,7.961928383,0.07428984
1319,7.961774603,0.074338835
1319.5,7.95934631,0.07438926
1320,7.959199682,0.074441161
1320.5,7.959138886,0.074490201
1321,7.956975237,0.074541788
1321.5,7.956377998,0.074590292
1322,7.955870167,0.074643846
1322.5,7.954164282,0.074690159
1323,7.952125803,0.074743982
1323.5,7.951256767,0.074790385
1324,7.951174513,0.074845325
1324.5,7.949468628,0.074890029
1325,7.948606744,0.074945953
1325.5,7.948295608,0.074992444
1326,7.94732286,0.075046625
1326.5,7.945516839,0.075093072
1327,7.945341602,0.075146001
1327.5,7.943782344,0.075194146
1328,7.941811814,0.075246941
1328.5,7.941414847,0.075295623
1329,7.94047071,0.075345691
1329.5,7.939698234,0.075396161
1330,7.937742009,0.075446185
1330.5,7.937284245,0.075497951
1331,7.936125531,0.075547617
1331.5,7.934530511,0.075600367
1332,7.933733,0.075647127
1332.5,7.932785286,0.075700816
1333,7.930775418,0.075746637
1333.5,7.929570212,0.075800504
1334,7.929259075,0.07584646
1334.5,7.928436531,0.075905289
1335,7.926523222,0.075948026
1335.5,7.926197781,0.076005246
1336,7.925210728,0.076049861
1336.5,7.923057808,0.076105293
1337,7.921305431,0.076151337
1337.5,7.9210086,0.076206814
1338,7.919617428,0.076252099
1338.5,7.918122543,0.076305296
1339,7.917854322,0.076354068
1339.5,7.916584743,0.076407935
1340,7.914013399,0.07645474
1340.5,7.913047803,0.076505523
1341,7.912783159,0.076556753
1341.5,7.911059392,0.076605078
1342,7.909786237,0.076659348
1342.5,7.908573878,0.076706376
1343,7.907454503,0.076761182
1343.5,7.904954684,0.076807585
1344,7.904600632,0.076860514
1344.5,7.904271615,0.076907676
1345,7.901900542,0.076962974
1345.5,7.900809777,0.077008214
1346,7.899568808,0.077063959
1346.5,7.898263466,0.077109512
1347,7.896375191,0.077166241
1347.5,7.896182072,0.077211928
1348,7.894508373,0.0772666
1348.5,7.892155182,0.077311974
1349,7.891060841,0.07736535
1349.5,7.890817654,0.077414166
1350,7.88857175,0.077467274
1350.5,7.88728429,0.077514347
1351,7.886107694,0.077568036
1351.5,7.885263692,0.077616941
1352,7.882817518,0.077668797
1352.5,7.882560026,0.077718418
1353,7.881025802,0.077771168
1353.5,7.879005204,0.077821683
1354,7.877488862,0.077868979
1354.5,7.877217065,0.07792164
1355,7.875257264,0.077972557
1355.5,7.872982751,0.078024101
1356,7.871895562,0.078074034
1356.5,7.871166001,0.078127455
1357,7.868315707,0.07817417
1357.5,7.867772112,0.078227144
1358,7.866448889,0.078275558
1358.5,7.864986191,0.07832956
1359,7.863416205,0.078375694
1359.5,7.861917744,0.078431439
1360,7.860912809,0.078476187
1360.5,7.858212719,0.078533452
1361,7.85740448,0.078578826
1361.5,7.855784425,0.078634706
1362,7.854346761,0.078681063
1362.5,7.852676639,0.078736048
1363,7.852086553,0.078782987
1363.5,7.850323448,0.078838553
1364,7.847566137,0.078883883
1364.5,7.847204932,0.078939583
1365,7.845899591,0.078987461
1365.5,7.842959889,0.079041865
1366,7.841747531,0.079087597
1366.5,7.840599545,0.079141688
1367,7.83932639,0.079190191
1367.5,7.836515435,0.079241108
1368,7.836325892,0.079290863
1368.5,7.835099228,0.079345938
1369,7.831934222,0.079393726
1369.5,7.830911406,0.07944366
1370,7.830131777,0.079496231
1370.5,7.827542551,0.079545628
1371,7.825396784,0.079596277
1371.5,7.825264461,0.079645273
1372,7.823115118,0.07969771
1372.5,7.820482976,0.079747956
1373,7.819921501,0.079799857
1373.5,7.818959482,0.079851132
1374,7.815908916,0.079902854
1374.5,7.814499862,0.079950061
1375,7.813634402,0.080004823
1375.5,7.811302669,0.080051314
1376,7.80895663,0.080105316
1376.5,7.808438069,0.080152389
1377,7.806546218,0.080209431
1377.5,7.804078585,0.080256101
1378,7.803409821,0.080309388
1378.5,7.801328427,0.08035646
1379,7.799404389,0.080413234
1379.5,7.797698504,0.08045682
1380,7.795681482,0.080514308
1380.5,7.793943411,0.080561068
1381,7.791711813,0.080613595
1381.5,7.790427929,0.080660265
1382,7.789515977,0.080717888
1382.5,7.786973243,0.080763888
1383,7.78539968,0.08081941
1383.5,7.784080034,0.080865678
1384,7.782098775,0.080922049
1384.5,7.778915887,0.080968496
1385,7.778229241,0.0810229
1385.5,7.776319508,0.081070107
1386,7.774116521,0.081124198
1386.5,7.772879128,0.081170421
1387,7.770912175,0.081227642
1387.5,7.769778494,0.081273865
1388,7.767432455,0.081328359
1388.5,7.76529384,0.081375655
1389,7.763738159,0.0814314
1389.5,7.760684017,0.081476193
1390,7.759589676,0.081532564
1390.5,7.758016113,0.081578698
1391,7.755609277,0.081636902
1391.5,7.753864053,0.081681472
1392,7.752469304,0.081736367
1392.5,7.750902894,0.08178505
1393,7.74808121,0.081840616
1393.5,7.746171477,0.081887823
1394,7.745195153,0.081943881
1394.5,7.741919282,0.081989613
1395,7.740109684,0.082041961
1395.5,7.738908055,0.082091984
1396,7.736722948,0.082146969
1396.5,7.734391215,0.082193416
1397,7.732696058,0.08224858
1397.5,7.732048752,0.082296726
1398,7.727732183,0.082352158
1398.5,7.726677181,0.082398292
1399,7.724956991,0.082456317
1399.5,7.722092391,0.082501781
1400,7.719528199,0.082555425
1400.5,7.718744994,0.082603526
1401,7.71702838,0.082659047
1401.5,7.713623763,0.08270536
1402,7.713377,0.082760256
1402.5,7.711209775,0.082809653
1403,7.707751513,0.082865801
1403.5,7.705473423,0.082912606
1404,7.704568625,0.082967233
1404.5,7.701743364,0.083014038
1405,7.699433088,0.083071079
1405.5,7.697927475,0.083116901
1406,7.696582794,0.083173227
1406.5,7.693160295,0.083220613
1407,7.691676139,0.08327828
1407.5,7.690138339,0.083324057
1408,7.687220096,0.08338083
1408.5,7.683797597,0.083425176
1409,7.682985782,0.083484229
1409.5,7.680607556,0.083529827
1410,7.677789448,0.083585125
1410.5,7.675947665,0.083631214
1411,7.67488551,0.083688613
1411.5,7.672138928,0.083736357
1412,7.66962838,0.08379246
1412.5,7.667947529,0.083840471
1413,7.665208099,0.083895054
1413.5,7.662128923,0.083941278
1414,7.660773513,0.083995905
1414.5,7.658731458,0.084043336
1415,7.656042096,0.084100556
1415.5,7.65382838,0.084148165
1416,7.652812717,0.084203866
1416.5,7.649583337,0.084250089
1417,7.647037026,0.084306326
1417.5,7.644901988,0.084354204
1418,7.642538067,0.084410575
1418.5,7.639598366,0.084456664
1419,7.637184378,0.084511694
1419.5,7.636258122,0.084559929
1420,7.633153911,0.084613618
1420.5,7.630947347,0.084662166
1421,7.628855224,0.084716391
1421.5,7.626952644,0.084766146
1422,7.623283382,0.084819522
1422.5,7.621348615,0.084869411
1423,7.619428153,0.084923905
1423.5,7.615833993,0.084970128
1424,7.614171023,0.085023594
1424.5,7.612157578,0.085074466
1425,7.609661335,0.085128021
1425.5,7.606693024,0.085177105
1426,7.604897732,0.085231197
1426.5,7.602616066,0.085283768
1427,7.599300855,0.085332495
1427.5,7.596547121,0.085385066
1428,7.595166677,0.085435715
1428.5,7.591897958,0.0854907
1429,7.589187139,0.085537684
1429.5,7.58754205,0.085591194
1430,7.585017197,0.085641888
1430.5,7.581998818,0.085693565
1431,7.579595559,0.085744706
1431.5,7.578014843,0.085801479
1432,7.574316971,0.085847345
1432.5,7.571234219,0.085901883
1433,7.569682114,0.085950476
1433.5,7.566881887,0.086006042
1434,7.563405744,0.086052355
1434.5,7.562161199,0.086109441
1435,7.559868804,0.086157453
1435.5,7.556056491,0.086213153
1436,7.553807011,0.086259109
1436.5,7.551736346,0.086317044
1437,7.548077813,0.086363089
1437.5,7.545005789,0.086419505
1438,7.543571701,0.086465818
1438.5,7.540885916,0.086522055
1439,7.537034263,0.086569306
1439.5,7.53537487,0.086624738
1440,7.532953729,0.086672169
1440.5,7.529438247,0.086727199
1441,7.527253141,0.086775479
1441.5,7.524667491,0.086832207
1442,7.521781434,0.086881024
1442.5,7.518058528,0.086934668
1443,7.515930642,0.086982947
1443.5,7.513498772,0.087038112
1444,7.510065544,0.087087464
1444.5,7.507855404,0.087141153
1445,7.505470026,0.087193009
1445.5,7.501993883,0.087245268
1446,7.498710859,0.087295022
1446.5,7.496461379,0.087348488
1447,7.493768441,0.087401864
1447.5,7.490159976,0.087452558
1448,7.487670886,0.087504771
1448.5,7.485736119,0.087555912
1449,7.482395874,0.087611702
1449.5,7.478451239,0.087659848
1450,7.476276861,0.087715459
1450.5,7.473698364,0.087763962
1451,7.470097051,0.087820423
1451.5,7.467393384,0.087866154
1452,7.464832769,0.087924537
1452.5,7.460895286,0.087970716
1453,7.458241687,0.088028383
1453.5,7.456138835,0.08807559
1454,7.452873692,0.088131648
1454.5,7.448853955,0.088178721
1455,7.44631122,0.088234243
1455.5,7.444090351,0.088284355
1456,7.439777359,0.08833715
1456.5,7.436805471,0.088388157
1457,7.434294923,0.088441399
1457.5,7.430994018,0.088493344
1458,7.427010043,0.088545155
1458.5,7.425246938,0.088598844
1459,7.422250016,0.088649002
1459.5,7.417697413,0.088703898
1460,7.415533764,0.088751507
1460.5,7.413023216,0.088808548
1461,7.408670885,0.088855621
1461.5,7.405155403,0.088913691
1462,7.402444583,0.088959512
1462.5,7.399672967,0.089019147
1463,7.395359975,0.089066219
1463.5,7.392903071,0.08912192
1464,7.390067082,0.089172122
1464.5,7.38581131,0.0892259
1465,7.382696371,0.089277488
1465.5,7.380175095,0.089330283
1466,7.376309137,0.089382988
1466.5,7.371996145,0.08943395
1467,7.369431953,0.089487281
1467.5,7.366821269,0.089536679
1468,7.362254361,0.089592648
1468.5,7.359386185,0.089640391
1469,7.356714705,0.089698729
1469.5,7.352863053,0.089745265
1470,7.348929146,0.089801905
1470.5,7.345957258,0.089849603
1471,7.342280843,0.089906332
1471.5,7.337524392,0.08995412
1472,7.334978082,0.090009821
1472.5,7.332306602,0.090061274
1473,7.32813666,0.090114918
1473.5,7.324796416,0.090167132
1474,7.321309544,0.090218988
1474.5,7.317633129,0.090274778
1475,7.313488222,0.090321717
1475.5,7.310151554,0.090376657
1476,7.307254768,0.090426189
1476.5,7.30246613,0.09048256
1477,7.299297547,0.09053075
1477.5,7.296364999,0.090587032
1478,7.292670702,0.090635133
1478.5,7.287967896,0.090691102
1479,7.284817194,0.090742153
1479.5,7.281670069,0.090797004
1480,7.277106737,0.090848413
1480.5,7.273394559,0.090900001
1481,7.269925569,0.090956506
1481.5,7.265634034,0.091003668
1482,7.261896823,0.091060531
1482.5,7.258678172,0.091109392
1483,7.255209181,0.091167775
1483.5,7.249794695,0.091213998
1484,7.246558162,0.091272605
1484.5,7.243214342,0.091321689
1485,7.238357755,0.09137587
1485.5,7.234223576,0.09142634
1486,7.23111579,0.091479448
1486.5,7.227174731,0.091534791
1487,7.222125025,0.091585037
1487.5,7.219017239,0.091641408
1488,7.215487451,0.091689643
1488.5,7.209786863,0.0917474
1489,7.206274957,0.091794875
1489.5,7.202923984,0.091854778
1490,7.198028058,0.091903237
1490.5,7.193128556,0.091958803
1491,7.190067261,0.092010212
1491.5,7.185958116,0.092062605
1492,7.180908411,0.092116785
1492.5,7.177392928,0.092166987
1493,7.173473327,0.092225683
1493.5,7.167994467,0.092274544
1494,7.163524119,0.092331273
1494.5,7.160123078,0.092379284
1495,7.154837337,0.09243713
1495.5,7.149855581,0.092487109
1496,7.146619049,0.092540351
1496.5,7.142295327,0.092594397
1497,7.136934485,0.09264527
1497.5,7.132771697,0.092702177
1498,7.128583874,0.092750144
1498.5,7.122958387,0.092809153
1499,7.117969478,0.092858237
1499.5,7.113649333,0.092914742
1500,7.108867848,0.092967761
1500.5,7.103181565,0.093018857
1501,7.099143946,0.093074915
1501.5,7.094323122,0.093127308
1502,7.088286363,0.093183053
1502.5,7.083311759,0.093232584
1503,7.078136884,0.093289849
1503.5,7.072228871,0.093344924
1504,7.065426789,0.09339526
1504.5,7.060208998,0.093453822
1505,7.054154358,0.093502459
1505.5,7.046898088,0.093562228
1506,7.040096005,0.093613056
1506.5,7.032385548,0.093668577
1507,7.022768934,0.093731073
1507.5,7.006689984,0.093787757
1508,6.979209857,0.093853918
1508.5,6.928977444,0.093937245
1509,6.850481698,0.094038409
1509.5,3.675879715,0.096032766
1510,1.517906536,0.097378877
1510.5,1.51134764,0.097372395
1511,1.514459003,0.097371725
1511.5,1.516722787,0.097372395
1512,1.51839291,0.097371546
1512.5,1.520263304,0.097372664
1513,1.520971407,0.09737168
1513.5,1.521758188,0.097371948
1514,1.523331751,0.097371322
1514.5,1.523546328,0.097372395
1515,1.523696531,0.097371769
1515.5,1.52373587,0.097372172
1516,1.523764481,0.097371859
1516.5,1.523914684,0.097371501
